AY,Term,Dept,CourseID,Course,Instructor,A,A-,B,B-,B+,C,C-,C+,D,I,P,Grand Total
16-17,S1,English,ENG101,Literary Explorations I,1001,6,15,10,2,5,1,,,,,,39
,,,,,1002,1,2,13,3,1,,,,,,,20
,,,,,1003,7,14,12,5,2,3,,,1,,,44
,,,,,1004,5,18,7,,6,2,1,,,,,39
,,,,,1005,4,11,12,3,10,1,,,,,,41
,,,,,1006,3,12,9,2,9,1,,,,,,36
,,,ENG201,Literary Explorations III,1007,9,13,11,8,2,2,1,,,,,46
,,,,,1008,5,9,6,2,12,1,1,,,,,36
,,,,,1009,4,15,3,,18,,,1,,,,41
,,,,,1010,10,14,9,,10,,,1,,,,44
,,,,,1011,5,13,6,4,5,,,1,,,,34
,,,ENG315,Shakespeare,1012,8,35,,,6,,,,,,,49
,,,ENG341,Gender Studies,1013,2,7,7,4,4,,,,,,,24
,,,ENG351,Graphic Novels: Image and Text,1014,6,23,6,,12,1,,,,,,48
,,,ENG361,Tolkien: Language and Literature,1015,9,13,14,3,6,1,,,,,,46
,,,ENG502,The Idea of the Individual,1016,3,15,19,2,8,2,,,,,,49
,,FineArts,FAR100,Concert Band,1017,28,,,,,,,,,,,28
,,,FAR110,Wind Ensemble,1018,38,1,,,,,,1,,,,40
,,,FAR120,String Orchestra,1019,20,,,,,,,,,,,20
,,,FAR130,Chamber Strings,1020,23,2,,,,,,,,,,25
,,,FAR200,Concert Choir,1021,16,,1,,,,,,,,,17
,,,FAR210,Chamber Choir,1022,17,,,,,,,,,,,17
,,,FAR301,Music Theory,1023,11,3,1,,1,,,1,,,,17
,,,FAR402,Art and Design,1024,13,3,,,,,,,,,,16
,,,FAR435,Printmaking,1025,14,,1,,,,,,,,,15
,,HistorySS,HSS100,American Studies,1026,16,31,11,,10,1,,,,,,69
,,,,,1027,12,10,9,4,5,3,1,,2,,,46
,,,HSS201a,Ancient World Religion and Philosophy,1028,16,23,17,5,5,,,1,,,,67
,,,,,1029,14,14,6,,7,1,,1,1,,,44
,,,HSS201b,Conflict in World History,1030,11,15,7,4,,2,3,,,,,42
,,,HSS201e,History of Cultural Contact,1031,10,7,4,,3,,,,,,,24
,,,HSS201f,"Art, Worldview, and Society in History",1032,6,5,4,1,7,,,,,,,23
,,,HSS311,Political Theory,1033,15,18,3,,2,,,1,,,,39
,,,HSS336,"Rise of the Atlantic World, 1492-1815",1034,4,7,3,,2,,,1,,,,17
,,,HSS341,History of Astronomy,1035,7,13,3,3,13,,,1,,,,40
,,,HSS351,History of Philosophy,1036,7,15,6,2,16,,,2,,,,48
,,MathCS,CS100,Computer Science Inquiry,1037,19,12,6,4,3,,1,,,,,45
,,,,,1038,9,4,4,2,4,,,,,,,23
,,,,,1039,16,5,8,1,2,2,,1,,,,35
,,,CS125,Web Technologies I,1040,8,6,4,1,3,,,,,,,22
,,,CS205,Object Oriented Programming,1041,10,17,4,4,,,2,,,,,37
,,,,,1042,7,8,9,3,5,1,2,,2,,,37
,,,CS215,Robotics Programming,1043,6,5,2,,3,,,1,,,,17
,,,CS405,Computer Seminar,1044,3,8,2,,2,,1,,,,,16
,,,MAT101,Geometry I/II,1045,4,2,2,4,1,7,1,1,,,,22
,,,MAT110,Mathematical Investigations I/II,1046,,2,1,1,,2,1,1,3,,,11
,,,,,1047,1,,1,4,1,1,,2,,,,10
,,,MAT121,Mathematical Investigations II,1048,4,5,5,1,2,2,,1,,,,20
,,,,,1049,13,7,6,2,5,,1,3,,,,37
,,,,,1050,6,8,9,6,3,1,2,6,,,,41
,,,MAT131,Mathematical Investigations III,1051,9,4,6,3,3,2,,2,2,,,31
,,,,,1052,3,5,9,1,6,3,,3,,,,30
,,,MAT141,Mathematical Investigations IV,1053,15,10,4,4,6,2,,2,,,,43
,,,,,1054,4,8,10,5,7,3,1,4,2,,,44
,,,,,1055,12,4,4,8,5,4,3,3,1,,,44
,,,MAT211,AB Calculus I,1056,3,9,7,2,8,,1,3,,,,33
,,,MAT311,BC Calculus I,1057,17,9,2,,4,,,,,,,32
,,,,,1058,3,6,4,3,1,,,1,,,,18
,,,MAT321,BC Calculus II,1059,6,6,10,7,7,2,,3,,,,41
,,,,,1060,25,9,11,3,10,4,,2,2,,,66
,,,MAT331,BC Calculus III,1061,3,4,5,4,3,1,1,1,,,,22
,,,,,1062,4,5,2,4,3,3,3,1,,,,25
,,,MAT371,BC Calculus II/III,1063,8,5,2,1,5,,,,,,,21
,,,MAT411,Statistical Exploration and Description,1064,3,2,3,8,7,,,2,,,,25
,,,MAT421,Number Theory,1065,4,5,4,2,2,1,,,,,2,20
,,,,,1066,3,4,4,,4,,,,,,1,16
,,,MAT425,Problem Solving,1067,8,5,3,2,2,1,,,,,,21
,,,MAT441,Multi-Variable Calculus,1068,10,2,5,2,3,1,,1,,,,24
,,Science,SCI105,Scientific Inquiries - Chemistry,1069,16,4,8,3,,2,,2,,,,35
,,,,,1070,15,5,3,,3,5,1,2,1,,,35
,,,,,1071,7,7,11,6,,5,1,1,3,,,41
,,,SCI115,Scientific Inquiries - Physics,1072,5,1,3,,4,1,,1,,,,15
,,,,,1073,25,6,6,2,10,4,,2,,,,55
,,,,,1074,11,12,4,4,6,1,1,1,,,,40
,,,SCI125,Scientific Inquiries - Biology,1075,,4,5,2,1,6,2,,1,,,21
,,,,,1076,6,,5,3,1,7,,,1,,,23
,,,,,1077,5,3,2,2,3,2,,3,1,,,21
,,,,,1078,4,1,9,4,3,1,2,,,,,24
,,,,,1079,4,3,3,2,1,6,1,1,,,,21
,,,SCI135,Methods in Scientific Inquiry,1080,2,2,10,4,,1,,1,,,,20
,,,,,1081,6,10,11,5,6,3,1,4,,,,46
,,,,,1082,5,4,4,2,1,2,2,,,,,20
,,,,,1083,6,3,5,2,1,1,1,,,,,19
,,,SCI201,Adv. Chemistry--Structure and Properties,1084,17,16,7,1,5,6,2,1,,,,55
,,,,,1085,7,7,7,5,1,1,,3,1,,,32
,,,SCI215,Organic Chemistry I,1086,12,15,4,3,3,2,,,,,,39
,,,,,1087,4,14,7,6,1,4,,2,,,,38
,,,SCI235,Biochemistry,1088,7,7,7,4,2,2,1,2,,,,32
,,,SCI402,Physics: Sound and Light,1089,8,5,8,2,7,3,,,,,,33
,,,,,1090,13,2,1,1,3,,,,,,,20
,,,SCI411,Physics: Calculus-based Mechanics,1091,6,3,2,,3,2,1,1,,,,18
,,,,,1092,26,10,13,,5,1,,2,,,,57
,,,SCI425,Planetary Science,1093,5,5,4,,4,,,1,,,,19
,,,SCI445,Modern Physics,1094,6,6,10,7,6,1,,1,,,3,40
,,,SCI455,Engineering,1095,11,29,6,1,6,,,,,,,53
,,,SCI465,Biophysics,1096,7,2,7,1,,1,,,,,,18
,,,SCI605,"Evolution, Biodiversity, and Ecology",1097,14,8,7,2,4,2,,1,,,,38
,,,SCI615,Molecular and Cellular Biology,1098,5,6,3,3,2,,,,,,1,20
,,,,,1099,9,8,7,5,2,,,1,,,,32
,,,SCI625,Microbes and Disease,1100,2,3,7,3,1,2,1,,,,,19
,,,,,1101,,7,3,2,4,1,2,1,,,,20
,,,SCI635,Physiology and Disease,1102,4,11,5,3,1,2,1,,,,,27
,,,SCI646,Seminar in Biology: Virology,1103,20,8,1,,1,2,,,,,,32
,,Wellness,WEL105,Moving and Learning,1104,39,,8,,,1,,,,,,48
,,,,,1105,35,,11,,,3,,,,,,49
,,,WEL231,Outdoor and Indoor Games,1106,60,,5,,,,,,,,,65
,,,WEL312,Dance,1107,23,,6,,,2,,,,,,31
,,,WEL525,Movement and Relaxation,1108,16,,5,,,,,,,,,21
,,WldLang,WLG110,French I,1109,19,14,7,1,1,1,1,,1,,,45
,,,WLG120,French II,1110,15,11,8,2,3,,,,,,,39
,,,WLG130,French III,1111,23,9,3,1,2,,,,,,,38
,,,WLG140,French IV,1112,2,6,1,,2,,,,,,,11
,,,WLG150,French V,1113,9,3,,,,,,,,,,12
,,,WLG220,Spanish II,1114,8,9,,1,,,,,,,,18
,,,WLG230,Spanish III,1115,9,16,3,,4,,,,,,,32
,,,WLG240,Spanish IV,1116,15,27,6,1,4,,,,,,,53
,,,WLG250,Spanish V,1117,10,9,3,,1,,,,,,,23
,,,WLG310,German I,1118,12,8,3,,3,,,1,,,,27
,,,WLG320,German II,1119,9,10,8,1,2,,,,,,,30
,,,WLG330,German III,1120,8,12,1,,1,,,,,,,22
,,,WLG420,Japanese II,1121,6,10,2,2,2,1,,1,,,,24
,,,WLG430,Japanese III,1122,11,3,,1,,,,,,,,15
,,,WLG510,Russian I,1123,14,6,4,1,4,,,,,,,29
,,,WLG520,Russian II,1124,7,8,4,4,2,,,1,,,,26
,,,WLG530,Russian III,1125,3,10,,,3,,,,,,,16
,,,WLG610,Mandarin Chinese I,1126,9,4,7,1,1,,,,,,,22
,,,,,1127,15,17,6,2,2,1,,2,,,,45
,,,WLG620,Mandarin Chinese II,1128,8,16,6,2,3,,,,,,,35
,,,WLG630,Mandarin Chinese III,1129,6,10,8,,3,,,,,,2,29
,S2,English,ENG102,Literary Explorations II,1130,10,12,3,4,9,1,,3,,,,42
,,,,,1131,2,4,6,1,3,,,1,,,,17
,,,,,1132,9,9,8,6,7,,,1,,,,40
,,,,,1133,8,14,4,1,11,,1,1,,,,40
,,,,,1134,4,3,5,1,2,,,,,,,15
,,,,,1135,8,27,12,1,11,,,1,,,,60
,,,ENG212,Creative Writing Workshop,1136,8,20,5,2,12,,,,,,,47
,,,,,1137,7,7,4,,3,,,1,,,,22
,,,,,1138,12,24,5,,6,1,,,,,,48
,,,ENG242,Modern Theater,1139,1,8,18,1,6,,,,,,,34
,,,,,1140,8,26,5,,8,,,1,,,,48
,,,ENG301,Modern World Fiction,1141,10,19,11,1,4,,,,,,,45
,,,,,1142,4,7,8,,2,1,,,,,,22
,,,ENG351,Graphic Novels: Image and Text,1143,1,11,16,5,4,,,,,,1,38
,,,ENG365,Speculative Fiction Studies,1144,4,19,13,3,4,1,,1,,,,45
,,,,,1145,7,19,10,3,4,,,2,,,,45
,,,ENG512,Victorian Fiction,1146,3,5,9,2,3,,,,,,,22
,,FineArts,FAR100,Concert Band,1147,24,1,,,,,,,,,,25
,,,FAR110,Wind Ensemble,1148,37,1,,,1,,,,,,,39
,,,FAR120,String Orchestra,1149,17,,,,,,,,,,,17
,,,FAR130,Chamber Strings,1150,21,2,,,1,,,1,,,,25
,,,FAR200,Concert Choir,1151,11,1,1,1,,,,,,,,14
,,,FAR210,Chamber Choir,1152,16,,1,,,,,,,,,17
,,,FAR300,Music Appreciation,1153,20,1,3,2,2,,,1,,,,29
,,,FAR402,Art and Design,1154,28,,1,,1,,,,,,,30
,,,FAR435,Printmaking,1155,24,4,,1,1,,,,,,,30
,,HistorySS,HSS100,American Studies,1156,11,27,9,3,4,,,3,,,,57
,,,,,1157,8,12,8,6,6,4,,,1,,,45
,,,HSS202,The World in the Twentieth Century,1158,19,14,1,1,10,1,1,,,,,47
,,,,,1159,4,22,5,1,16,1,,1,,,,50
,,,,,1160,34,37,6,1,,1,3,1,1,,,84
,,,,,1161,6,4,3,1,1,,,,,,,15
,,,HSS307,Topics in Current Affairs,1162,20,18,4,,4,,,,,,,46
,,,HSS342,History of Biology,1163,3,18,7,4,21,,,1,,,,54
,,,HSS352,History of Technology and Culture,1164,6,14,3,,1,,,,,,,24
,,,HSS361,US Government and the Constitution,1165,6,6,6,3,2,,,,,,,23
,,MathCS,CS100,Computer Science Inquiry,1166,17,6,3,2,3,,,,,,,31
,,,,,1167,7,15,6,3,5,3,1,2,,,,42
,,,,,1168,25,7,3,,3,,,,,,,38
,,,CS105,Computational Thinking,1169,5,5,2,,1,,,,,,,13
,,,CS125,Web Technologies I,1170,14,4,2,1,1,,,,,,,22
,,,CS205,Object Oriented Programming,1171,6,7,5,1,1,1,,1,,,,22
,,,CS235,Web Technologies,1172,,2,5,2,2,,,,,,,11
,,,CS305,Advanced Programming,1173,16,3,2,1,,,,,,,,22
,,,,,1174,3,1,3,2,3,,,,,,1,13
,,,MAT122,Mathematical Investigations II,1175,3,2,2,3,1,2,,,,,,13
,,,MAT132,Mathematical Investigations III,1176,13,8,7,3,3,3,1,3,1,,,42
,,,,,1177,6,5,16,8,6,9,2,6,3,,,61
,,,MAT142,Mathematical Investigations IV,1178,6,3,6,5,4,3,1,2,1,,,31
,,,,,1179,8,2,6,2,6,2,1,3,1,,,31
,,,MAT222,AB Calculus II,1180,7,10,7,6,2,1,,1,,,,34
,,,MAT312,BC Calculus I,1181,1,4,7,6,6,5,1,3,1,,,34
,,,,,1182,1,11,9,6,6,3,,2,,,,38
,,,,,1183,3,2,6,3,2,1,1,2,1,,,21
,,,MAT322,BC Calculus II,1184,5,1,3,1,2,,,,,,,12
,,,,,1185,21,8,2,2,5,,,,,,,38
,,,MAT332,BC Calculus III,1186,2,7,11,5,5,3,1,3,,,,37
,,,,,1187,26,17,10,3,5,4,,1,,,,66
,,,MAT362,BC Calculus I/II,1188,8,9,1,,2,,,,,,,20
,,,MAT407,Modern Geometries,1189,16,4,1,,,,,,,,,21
,,,MAT412,Statistical Experimentation & Inference,1190,1,2,4,3,3,,1,,,,1,15
,,,MAT435,Discrete Mathematics,1191,10,2,14,1,6,5,2,2,,,,42
,,,,,1192,7,2,6,,1,1,3,1,,,,21
,,,MAT442,Multi-Variable Calculus,1193,12,15,5,6,2,,1,,,,1,42
,,,MAT452,Differential Equations,1194,3,4,8,1,4,,,2,,,,22
,,,MAT462,Introduction to Algebraic Structures I,1195,2,3,6,4,4,1,,1,,,,21
,,Science,SCI105,Scientific Inquiries - Chemistry,1196,9,11,5,4,1,,1,2,,,,33
,,,,,1197,3,5,5,1,2,1,,1,1,,,19
,,,,,1198,9,10,4,4,2,6,3,4,2,,,44
,,,SCI115,Scientific Inquiries - Physics,1199,7,7,4,,2,1,,,,,,21
,,,,,1200,12,9,10,1,1,,1,,,,,34
,,,,,1201,12,13,7,3,4,,1,2,,,,42
,,,SCI125,Scientific Inquiries - Biology,1202,5,4,4,2,1,,,1,1,,,18
,,,,,1203,7,11,10,4,4,,,1,,,,37
,,,,,1204,2,3,3,2,2,2,1,1,,,,16
,,,,,1205,8,11,9,6,2,5,1,,,,,42
,,,SCI135,Methods in Scientific Inquiry,1206,5,8,2,1,1,1,,,,,,18
,,,,,1207,9,5,3,2,3,,,,,,,22
,,,,,1208,9,5,2,2,,,,,,,,18
,,,,,1209,5,5,2,2,2,1,,,,,,17
,,,,,1210,12,10,8,1,2,2,,2,,,,37
,,,SCI202,Advanced Chemistry--Chemical Reactions,1211,5,6,5,1,2,4,1,1,,,,25
,,,,,1212,8,15,11,6,2,5,3,2,,,1,53
,,,SCI222,Organic Chemistry II,1213,7,13,8,4,4,1,,,,,,37
,,,,,1214,3,3,9,5,3,5,1,,,,,29
,,,SCI235,Biochemistry,1215,9,11,8,2,2,2,1,4,,,,39
,,,SCI245,Environmental Chemistry,1216,11,11,8,,5,1,2,,,,,38
,,,SCI402,Physics: Sound and Light,1217,4,3,10,3,9,2,,3,,,2,36
,,,SCI412,Physics: Calculus-based Elec & Magnetism,1218,11,2,5,,1,4,,1,,,1,25
,,,,,1219,11,7,9,3,1,,,,,,,31
,,,SCI425,Planetary Science,1220,11,10,8,1,5,2,,,,,,37
,,,SCI445,Modern Physics,1221,12,8,10,,10,,,,,,,40
,,,SCI455,Engineering,1222,5,12,7,2,7,1,,1,,,,35
,,,SCI505,Computational Science,1223,7,7,9,1,7,3,,3,,,4,41
,,,SCI615,Molecular and Cellular Biology,1224,4,5,1,,4,,1,,1,,1,17
,,,,,1225,6,4,5,2,,,,1,,,,18
,,,,,1226,2,6,4,2,2,1,,,,,1,18
,,,SCI625,Microbes and Disease,1227,2,5,6,1,3,1,1,,,,,19
,,,,,1228,5,10,11,5,3,3,,,,,,37
,,,SCI635,Physiology and Disease,1229,13,13,13,1,6,3,,3,,,,52
,,Wellness,WEL105,Moving and Learning,1230,34,,11,,,1,,,,,,46
,,,,,1231,63,,10,,,,,,,,,73
,,,WEL231,Outdoor and Indoor Games,1232,47,,10,,,,,,,,,57
,,,WEL525,Movement and Relaxation,1233,23,,5,,,,,,,,,28
,,WldLang,WLG110,French I,1234,18,12,8,1,3,1,,,,,,43
,,,WLG120,French II,1235,23,9,2,,5,,,,,,,39
,,,WLG130,French III,1236,24,10,4,,,,,,,,,38
,,,WLG140,French IV,1237,2,4,3,,2,,,,,,,11
,,,WLG150,French V,1238,5,1,2,1,,,,1,,,,10
,,,WLG220,Spanish II,1239,3,12,2,,1,,,,,,,18
,,,WLG230,Spanish III,1240,10,9,6,1,4,,,,,,,30
,,,WLG240,Spanish IV,1241,11,26,6,1,9,,,,,,,53
,,,WLG250,Spanish V,1242,6,7,4,3,3,,,,,,,23
,,,WLG310,German I,1243,10,6,5,2,3,1,,,,,,27
,,,WLG320,German II,1244,7,8,6,5,3,1,,,,,,30
,,,WLG330,German III,1245,5,10,4,1,2,,,,,,,22
,,,WLG420,Japanese II,1246,11,6,2,1,2,,,1,,,,23
,,,WLG430,Japanese III,1247,8,4,,1,1,,,,,,,14
,,,WLG510,Russian I,1248,10,11,5,,2,,,,,,,28
,,,WLG520,Russian II,1249,4,10,2,1,6,,,1,,,,24
,,,WLG530,Russian III,1250,3,7,1,,5,,,,,,,16
,,,WLG610,Mandarin Chinese I,1251,6,6,5,1,1,,,,,,,19
,,,,,1252,20,13,5,2,4,2,,,,,,46
,,,WLG620,Mandarin Chinese II,1253,11,15,6,1,,2,,,,,,35
,,,WLG630,Mandarin Chinese III,1254,8,13,3,1,3,,,,,,1,29
17-18,S1,English,ENG101,Literary Explorations I,1255,7,11,11,,12,1,,,,,,42
,,,,,1256,5,24,6,2,8,,,,,,,45
,,,,,1257,2,5,7,1,4,,,,,,,19
,,,,,1258,8,7,3,,5,,,,,,,23
,,,,,1259,4,14,3,2,1,,,,,,,24
,,,,,1260,6,12,14,,11,,,1,,,,44
,,,,,1261,9,18,7,2,8,,,,,,,44
,,,ENG201,Literary Explorations III,1262,9,7,13,1,7,2,,,1,,,40
,,,,,1263,4,18,5,3,12,,,2,1,,,45
,,,,,1264,1,4,7,2,2,,,2,1,,,19
,,,,,1265,6,12,4,1,1,,,,,,,24
,,,,,1266,6,16,3,1,6,,,2,,,,34
,,,,,1267,9,12,10,3,5,,,,,,,39
,,,ENG315,Shakespeare,1268,13,27,2,,2,,,,,,,44
,,,ENG341,Gender Studies,1269,4,8,9,,2,,,,,,,23
,,,,,1270,5,11,6,,1,,,1,,,,24
,,,ENG361,Tolkien: Language and Literature,1271,17,12,9,2,4,,,,1,,,45
,,,ENG371,African American Studies (English focus),1272,4,5,6,1,3,,,,,,,19
,,,ENG502,The Idea of the Individual,1273,3,21,5,1,6,3,,1,,,1,41
,,FineArts,FAR100,Concert Band,1274,33,,,,,,,,,,,33
,,,FAR110,Wind Ensemble,1275,45,2,,,,,,,,,,47
,,,FAR120,String Orchestra,1276,26,,,,,,,,,,,26
,,,FAR130,Chamber Strings,1277,23,,,,,,,,,,,23
,,,FAR200,Concert Choir,1278,13,1,,,,,,,,,,14
,,,FAR210,Chamber Choir,1279,20,,,,,,,,,,,20
,,,FAR301,Music Theory,1280,10,4,,,,,,,,,,14
,,,FAR411,Observational Drawing,1281,26,,,,,,,,,,,26
,,,FAR435,Printmaking,1282,26,1,,,,,,,,,,27
,,HistorySS,HSS100,American Studies,1283,14,12,8,,4,1,,,,,,39
,,,,,1284,6,12,17,5,16,,,2,,,,58
,,,,,1285,6,5,3,,1,,2,,,,,17
,,,HSS201a,Ancient World Religion and Philosophy,1286,5,9,3,1,4,,,1,,,,23
,,,,,1287,23,22,9,1,9,2,1,,,,,67
,,,HSS201b,Conflict in World History,1288,17,14,10,4,2,2,,1,,,,50
,,,HSS201e,History of Cultural Contact,1289,6,4,2,,2,1,1,,,,,16
,,,HSS201f,"Art, Worldview, and Society in History",1290,7,17,5,1,14,,,1,,,,45
,,,HSS311,Political Theory,1291,21,17,6,1,3,1,,,,,,49
,,,HSS336,"Rise of the Atlantic World, 1492-1815",1292,7,8,3,,5,1,,,,,,24
,,,HSS351,History of Philosophy,1293,9,16,8,,19,,1,1,,,,54
,,,HSS361,US Government and the Constitution,1294,5,7,5,3,1,,,,,,,21
,,,HSS371,African American Studies (History focus),1295,7,2,3,1,1,1,,,,,,15
,,,HSS391,Modern Genocide and Mass Violence,1296,17,23,4,1,2,,,,,,,47
,,MathCS,CS100,Computer Science Inquiry,1297,15,8,8,3,5,,,,,,,39
,,,,,1298,8,11,13,3,3,,,1,,,,39
,,,,,1299,26,9,1,,2,,,,,,,38
,,,CS205,Object Oriented Programming,1300,16,9,7,,1,1,1,,,,,35
,,,,,1301,6,17,11,4,,1,,,,,,39
,,,CS235,Web Technologies,1302,,6,2,1,,3,1,3,,,,16
,,,CS401,CS Seminar: Security and Android Apps,1303,3,5,7,1,1,,,1,,,,18
,,,MAT101,Geometry I/II,1304,6,2,3,1,1,2,,2,,,,17
,,,MAT110,Mathematical Investigations I/II,1305,,1,4,1,8,3,1,1,,,,19
,,,MAT121,Mathematical Investigations II,1306,3,1,5,3,5,1,,,,,,18
,,,,,1307,7,7,5,6,8,2,,2,,,,37
,,,,,1308,4,3,6,1,2,,1,1,1,,,19
,,,,,1309,13,6,11,2,5,,,1,,,,38
,,,MAT131,Mathematical Investigations III,1310,2,5,3,,1,2,,,2,,,15
,,,,,1311,4,4,1,2,,4,1,1,1,,,18
,,,,,1312,11,6,6,1,4,2,2,2,1,,,35
,,,MAT141,Mathematical Investigations IV,1313,14,11,7,5,3,1,,3,,,,44
,,,,,1314,9,7,12,3,3,4,3,3,1,,,45
,,,,,1315,16,10,3,4,6,,1,,,,,40
,,,MAT211,AB Calculus I,1316,3,5,14,2,8,1,,2,,,,35
,,,MAT311,BC Calculus I,1317,29,6,4,1,1,,,,,,,41
,,,MAT321,BC Calculus II,1318,7,4,15,,4,5,,1,,,,36
,,,,,1319,2,4,6,1,3,1,1,,,,,18
,,,,,1320,5,5,13,5,6,2,,4,,,,40
,,,MAT331,BC Calculus III,1321,2,2,3,2,4,1,,2,,,,16
,,,,,1322,12,7,2,3,2,,,1,,,,27
,,,MAT371,BC Calculus II/III,1323,9,6,2,,4,,,,,,,21
,,,MAT411,Statistical Exploration and Description,1324,1,3,5,1,1,,,,1,,,12
,,,MAT421,Number Theory,1325,31,2,1,1,2,,,,,,,37
,,,MAT441,Multi-Variable Calculus,1326,11,6,3,3,6,,1,,,,1,31
,,,MAT445,Theory of Analysis,1327,6,,1,,5,,,,,,,12
,,,MAT451,Differential Equations,1328,5,1,,,2,2,,,,,,10
,,Science,SCI105,Scientific Inquiries - Chemistry,1329,14,8,5,4,3,,,,,,,34
,,,,,1330,4,6,1,2,,,,2,,,,15
,,,,,1331,20,14,15,3,5,5,,2,,,,64
,,,SCI115,Scientific Inquiries - Physics,1332,29,9,13,5,2,2,1,,,,,61
,,,,,1333,22,13,6,4,11,3,1,,,,,60
,,,SCI125,Scientific Inquiries - Biology,1334,17,4,7,2,2,6,,3,,,,41
,,,,,1335,7,3,5,2,2,2,,,,,,21
,,,SCI135,Methods in Scientific Inquiry,1336,4,8,8,1,1,,,,,,,22
,,,,,1337,11,7,3,1,1,,,,,,,23
,,,,,1338,6,5,4,,4,1,1,1,,,,22
,,,,,1339,11,2,3,2,3,,,,,,,21
,,,,,1340,2,6,3,2,1,2,,1,,,,17
,,,,,1341,2,5,5,,8,1,,1,,,,22
,,,SCI201,Adv. Chemistry--Structure and Properties,1342,3,9,1,1,1,2,,,,,,17
,,,,,1343,11,15,5,3,1,2,,1,,,,38
,,,,,1344,16,14,7,3,,3,4,1,,,,48
,,,SCI215,Organic Chemistry I,1345,14,8,10,2,2,,,,1,,,37
,,,,,1346,3,7,6,1,1,1,1,,,,,20
,,,SCI235,Biochemistry,1347,11,5,4,4,1,,1,1,,,,27
,,,SCI402,Physics: Sound and Light,1348,8,4,9,4,1,4,,2,,,,32
,,,SCI411,Physics: Calculus-based Mechanics,1349,19,12,15,2,4,1,,,,,,53
,,,,,1350,2,6,3,,5,,,1,,,,17
,,,SCI425,Planetary Science,1351,2,3,4,1,2,,,,,,,12
,,,SCI445,Modern Physics,1352,5,8,14,4,7,2,,3,1,,,44
,,,SCI455,Engineering,1353,6,18,6,,4,1,,,,,,35
,,,SCI465,Biophysics,1354,3,5,3,3,3,1,,1,,,,19
,,,SCI605,"Evolution, Biodiversity, and Ecology",1355,10,5,,,1,2,,1,,,,19
,,,SCI615,Molecular and Cellular Biology,1356,11,10,8,1,2,,,,,,,32
,,,,,1357,6,3,3,1,2,1,1,,,,,17
,,,SCI625,Microbes and Disease,1358,3,5,11,6,1,3,1,2,,,,32
,,,SCI635,Physiology and Disease,1359,2,13,6,5,,4,,,,,,30
,,,SCI656,Seminar in Biology: Development,1360,5,8,,,,,,,,,,13
,,,,,1361,6,5,,,,,,,,,,11
,,Wellness,WEL105,Moving and Learning,1362,22,,37,,,3,,,,,,62
,,,,,1363,31,,22,,,6,,,,,,59
,,,WEL205,Net and Wall Games,1364,20,,4,,,1,,,,,,25
,,,WEL231,Outdoor and Indoor Games,1365,26,,4,,,,,,,,,30
,,,WEL525,Movement and Relaxation,1366,39,,6,,,1,,,,,,46
,,WldLang,WLG110,French I,1367,4,9,6,5,5,2,,1,,,,32
,,,WLG120,French II,1368,9,14,13,2,8,1,,3,,,,50
,,,WLG130,French III,1369,8,11,16,7,4,1,,1,,,,48
,,,WLG220,Spanish II,1370,22,13,1,,2,,,,,,,38
,,,WLG230,Spanish III,1371,11,16,11,5,12,,1,2,,,,58
,,,WLG240,Spanish IV,1372,21,3,,,1,,,,,,,25
,,,WLG250,Spanish V,1373,4,8,1,,2,,,,,,1,16
,,,WLG310,German I,1374,7,12,2,3,4,,,,,,,28
,,,WLG320,German II,1375,6,8,6,1,1,2,,2,,,,26
,,,WLG330,German III,1376,7,8,5,,2,1,,,,,,23
,,,WLG430,Japanese III,1377,3,5,3,1,2,1,,1,,,,16
,,,WLG510,Russian I,1378,9,17,4,,1,,,,,,,31
,,,WLG520,Russian II,1379,5,8,3,2,6,,,,,,,24
,,,WLG530,Russian III,1380,6,8,,,2,,,,,,,16
,,,WLG610,Mandarin Chinese I,1381,25,17,5,2,1,,,,,,,50
,,,WLG620,Mandarin Chinese II,1382,8,9,1,,2,1,,,,,,21
,,,,,1383,16,13,5,,7,,,,,,,41
,,,WLG630,Mandarin Chinese III,1384,15,9,,1,4,,,,,,,29
,S2,English,ENG102,Literary Explorations II,1385,2,22,12,2,7,,,,,,,45
,,,,,1386,3,6,8,2,1,,,2,,,,22
,,,,,1387,7,17,10,,5,,,1,,,,40
,,,,,1388,14,17,5,1,9,,,,,,,46
,,,,,1389,3,7,9,,1,,,,,,,20
,,,,,1390,14,18,5,1,4,,,,,,,42
,,,,,1391,1,8,4,2,5,,,,,,,20
,,,ENG212,Creative Writing Workshop,1392,3,10,2,,5,1,,1,,,,22
,,,,,1393,37,2,,1,2,,,,,,,42
,,,,,1394,27,8,4,1,2,,,,,,,42
,,,,,1395,4,10,3,1,2,1,,1,,,,22
,,,ENG242,Modern Theater,1396,2,3,13,2,13,,1,3,1,,,38
,,,ENG301,Modern World Fiction,1397,8,16,11,,11,1,,,,,,47
,,,,,1398,1,15,2,,2,,,,,,,20
,,,ENG351,Graphic Novels: Image and Text,1399,6,19,15,11,17,2,,,,,,70
,,,ENG365,Speculative Fiction Studies,1400,2,15,5,1,9,1,,,,,,33
,,,,,1401,20,15,8,,6,,,,,,,49
,,,ENG512,Victorian Fiction,1402,2,8,4,,2,1,,,,,,17
,,FineArts,FAR100,Concert Band,1403,30,,,,,,,,,,,30
,,,FAR110,Wind Ensemble,1404,44,2,,1,,,,,,,,47
,,,FAR120,String Orchestra,1405,24,2,,,,,,,,,,26
,,,FAR130,Chamber Strings,1406,20,,,,,,,,,,,20
,,,FAR200,Concert Choir,1407,17,1,,,,,,,,,,18
,,,FAR210,Chamber Choir,1408,16,,,,1,,,,,,,17
,,,FAR300,Music Appreciation,1409,18,2,6,1,1,1,,,,,,29
,,,FAR402,Art and Design,1410,30,,4,,1,,,,,,,35
,,,FAR420,Drawing and Illustration,1411,25,3,2,1,1,,,,,,,32
,,HistorySS,HSS100,American Studies,1412,7,9,3,,4,,,,,,,23
,,,,,1413,8,15,9,1,8,,,1,,,,42
,,,,,1414,17,12,10,4,5,3,,9,,,,60
,,,HSS202,The World in the Twentieth Century,1415,7,21,10,,4,,1,1,,,,44
,,,,,1416,3,13,,,3,,,,,,,19
,,,,,1417,7,18,4,4,14,,,1,,,,48
,,,,,1418,5,8,8,3,,,,,1,,,25
,,,,,1419,14,24,13,5,5,2,,2,,,,65
,,,HSS307,Topics in Current Affairs,1420,20,20,2,,4,,,2,,,,48
,,,,,1421,14,14,1,,3,,,1,,,,33
,,,HSS342,History of Biology,1422,3,14,14,3,11,,,3,,,,48
,,,,,1423,7,5,2,3,1,1,,,,,,19
,,,HSS352,History of Technology and Culture,1424,9,22,8,2,9,,,,,,,50
,,MathCS,CS100,Computer Science Inquiry,1425,18,7,3,3,3,3,,1,,,,38
,,,,,1426,9,6,6,2,7,,,3,1,,,34
,,,,,1427,27,8,2,,2,1,,,,,,40
,,,CS205,Object Oriented Programming,1428,12,5,3,1,3,3,2,1,,,,30
,,,CS235,Web Technologies,1429,3,1,4,2,6,1,,1,,,,18
,,,CS305,Advanced Programming,1430,20,5,2,,1,,,,,,,28
,,,CS402,CS Seminar: Advanced Web Technologies,1431,,2,6,2,,,,,,,,10
,,,MAT110,Mathematical Investigations I/II,1432,1,1,5,4,1,2,1,2,2,,,19
,,,MAT122,Mathematical Investigations II,1433,3,2,2,2,1,2,1,,,,,13
,,,MAT132,Mathematical Investigations III,1434,3,2,3,2,4,2,,2,1,,,19
,,,,,1435,6,6,8,4,2,5,3,3,,,,37
,,,,,1436,12,7,8,8,2,,,3,,,,40
,,,,,1437,1,3,4,,1,3,1,4,1,,,18
,,,MAT142,Mathematical Investigations IV,1438,2,3,5,1,1,1,,2,2,,,17
,,,,,1439,14,7,7,3,5,6,1,3,2,,,48
,,,MAT222,AB Calculus II,1440,2,4,14,5,6,1,,2,,,,34
,,,MAT312,BC Calculus I,1441,1,4,6,1,5,,,,,,,17
,,,,,1442,4,7,9,3,6,1,,3,,,,33
,,,,,1443,8,5,12,2,5,5,1,3,,,,41
,,,MAT322,BC Calculus II,1444,22,4,5,2,2,4,1,1,,,,41
,,,MAT332,BC Calculus III,1445,9,11,15,10,5,3,1,4,1,,,59
,,,,,1446,3,2,17,3,2,7,1,2,,,,37
,,,MAT362,BC Calculus I/II,1447,12,8,3,,,,,,,,,23
,,,MAT407,Modern Geometries,1448,8,4,2,,3,1,,,,,,18
,,,MAT425,Problem Solving,1449,7,6,2,1,3,,,1,,,,20
,,,MAT435,Discrete Mathematics,1450,9,5,10,2,3,4,,2,,,,35
,,,MAT442,Multi-Variable Calculus,1451,17,12,8,6,2,1,,,,,,46
,,,MAT450,Mathematical Modeling,1452,8,3,12,2,7,2,,2,,,3,39
,,,MAT462,Introduction to Algebraic Structures I,1453,5,7,3,1,4,1,,2,,,1,24
,,,,,1454,7,3,,,1,,,,,,,11
,,Science,SCI105,Scientific Inquiries - Chemistry,1455,23,10,9,5,2,7,4,1,,,,61
,,,,,1456,26,10,9,3,5,1,,3,,,,57
,,,SCI115,Scientific Inquiries - Physics,1457,6,2,5,1,2,,,2,,,,18
,,,,,1458,18,7,4,4,4,1,,,,,,38
,,,,,1459,21,15,12,5,3,1,,,1,,,58
,,,SCI125,Scientific Inquiries - Biology,1460,3,5,7,3,1,2,,,,,,21
,,,,,1461,2,5,3,1,2,4,,2,,,,19
,,,,,1462,2,8,5,4,,1,,,,,,20
,,,SCI135,Methods in Scientific Inquiry,1463,5,8,4,2,3,,,,,,,22
,,,,,1464,7,2,5,,1,,,,,,,15
,,,,,1465,7,4,6,2,1,,,1,,,,21
,,,,,1466,1,7,3,,1,,,,,,,12
,,,,,1467,4,9,1,3,1,1,,,,,,19
,,,,,1468,5,7,7,,2,1,1,,,,,23
,,,SCI202,Advanced Chemistry--Chemical Reactions,1469,6,6,4,3,4,2,2,2,,,,29
,,,,,1470,8,9,8,6,3,,3,1,,,1,39
,,,,,1471,3,5,5,2,1,,2,1,,,,19
,,,SCI222,Organic Chemistry II,1472,10,9,4,2,2,1,,1,,,,29
,,,,,1473,2,2,4,1,1,1,1,,,,1,13
,,,SCI235,Biochemistry,1474,3,9,2,3,1,,,1,,,,19
,,,SCI245,Environmental Chemistry,1475,23,13,13,4,2,1,,1,,,,57
,,,SCI402,Physics: Sound and Light,1476,4,3,7,1,2,,,1,1,,1,20
,,,,,1477,6,3,4,2,1,,,,,,,16
,,,SCI412,Physics: Calculus-based Elec & Magnetism,1478,16,12,7,5,4,1,1,2,,,2,50
,,,SCI425,Planetary Science,1479,5,14,11,2,3,,,,,,,35
,,,SCI445,Modern Physics,1480,9,6,7,1,10,,,,,,,33
,,,SCI455,Engineering,1481,,4,23,4,5,2,,2,,,,40
,,,SCI505,Computational Science,1482,5,5,15,1,4,1,2,3,1,,,37
,,,SCI605,"Evolution, Biodiversity, and Ecology",1483,12,5,4,1,2,1,2,,1,,,28
,,,SCI615,Molecular and Cellular Biology,1484,9,2,1,,,,,,,,,12
,,,,,1485,5,3,1,,1,,,,,,,10
,,,SCI625,Microbes and Disease,1486,5,1,8,,3,3,,,,,,20
,,,,,1487,5,11,11,6,1,4,,1,,,,39
,,,SCI635,Physiology and Disease,1488,1,4,7,5,1,,,,,,1,19
,,Wellness,WEL105,Moving and Learning,1489,23,,28,,,6,,,,,,57
,,,,,1490,39,,19,,,3,,,,,,61
,,,WEL231,Outdoor and Indoor Games,1491,49,,10,,,,,,,,,59
,,,WEL312,Dance,1492,18,,4,,,,,,,,,22
,,,WEL525,Movement and Relaxation,1493,21,,4,,,1,,,,,,26
,,WldLang,WLG110,French I,1494,6,7,7,5,5,1,,1,,,,32
,,,WLG120,French II,1495,9,15,16,2,4,2,,1,,,,49
,,,WLG130,French III,1496,12,9,18,3,2,1,,1,,,,46
,,,WLG220,Spanish II,1497,28,7,,,3,,,,,,,38
,,,WLG230,Spanish III,1498,10,16,13,3,11,2,,1,1,,,57
,,,WLG240,Spanish IV,1499,17,7,,,1,,,,,,,25
,,,WLG250,Spanish V,1500,4,2,4,,5,,,,,,1,16
,,,WLG310,German I,1501,4,11,7,1,2,1,,1,,,,27
,,,WLG320,German II,1502,10,5,4,2,,1,1,3,,,,26
,,,WLG330,German III,1503,5,3,7,3,5,,,,,,,23
,,,WLG430,Japanese III,1504,12,1,,,3,,,,,,,16
,,,WLG510,Russian I,1505,9,12,2,,6,,,1,,,,30
,,,WLG520,Russian II,1506,4,11,3,,6,,,,,,,24
,,,WLG530,Russian III,1507,6,5,,1,4,,,,,,,16
,,,WLG610,Mandarin Chinese I,1508,22,14,6,2,4,,,1,,,,49
,,,WLG620,Mandarin Chinese II,1509,8,9,2,,1,,,1,,,,21
,,,,,1510,23,7,4,,6,,,1,,,,41
,,,WLG630,Mandarin Chinese III,1511,16,8,2,,3,,,,,,,29
18-19,S1,English,ENG101,Literary Explorations I,1512,4,19,9,,9,,,,,,,41
,,,,,1513,6,14,13,1,8,1,,,,,,43
,,,,,1514,2,17,9,6,7,,1,3,,,,45
,,,,,1515,3,21,11,,11,,,,,,,46
,,,,,1516,8,8,11,3,11,,,,,,,41
,,,ENG201,Literary Explorations III,1517,5,10,9,2,11,,1,,,,,38
,,,,,1518,4,14,7,3,16,1,,1,,,,46
,,,,,1519,4,7,3,3,4,,,,,,,21
,,,,,1520,11,22,1,2,9,,,1,,,,46
,,,,,1521,7,16,5,1,7,,,,,,,36
,,,,,1522,4,18,11,1,7,,,2,,,,43
,,,ENG315,Shakespeare,1523,14,21,5,2,6,,,,,,,48
,,,ENG341,Gender Studies,1524,2,3,5,3,5,,,1,,,,19
,,,,,1525,7,23,6,1,2,,,,,,,39
,,,ENG361,Tolkien: Language and Literature,1526,10,15,4,2,12,1,1,1,,,,46
,,,ENG502,The Idea of the Individual,1527,9,17,9,3,7,,,1,,,,46
,,FineArts,FAR100,Concert Band,1528,31,,,,,,,,,,,31
,,,FAR110,Wind Ensemble,1529,53,1,1,,,,,,,,,55
,,,FAR120,String Orchestra,1530,14,,,,,,,,,,,14
,,,FAR130,Chamber Strings,1531,25,,,,,,,,,,,25
,,,FAR200,Concert Choir,1532,13,,,,,,,,,,,13
,,,FAR210,Chamber Choir,1533,15,,,,,,,,,,,15
,,,FAR301,Music Theory,1534,7,2,,1,1,,,,,,,11
,,,FAR416,Digital Photography,1535,33,2,,,2,,,,,,,37
,,,FAR421,Scientific Illustration,1536,18,1,,,,,,,,,,19
,,HistorySS,HSS100,American Studies,1537,21,15,2,1,4,,,,,,,43
,,,,,1538,8,28,9,3,20,,,2,,,,70
,,,HSS201a,Ancient World Religion and Philosophy,1539,8,7,5,,4,,,,1,,,25
,,,,,1540,14,17,4,,5,,,,1,,,41
,,,,,1541,10,29,14,4,9,,,1,2,,,69
,,,HSS201b,Conflict in World History,1542,14,14,9,1,9,,,,1,,,48
,,,HSS201f,"Art, Worldview, and Society in History",1543,2,12,3,1,7,,,,,,,25
,,,HSS201g,Historic Global Commodities and Culture,1544,5,9,3,2,1,,,,,,,20
,,,HSS311,Political Theory,1545,18,16,3,2,9,,,1,,,,49
,,,HSS336,"Rise of the Atlantic World, 1492-1815",1546,3,10,4,,4,1,,2,,,,24
,,,HSS351,History of Philosophy,1547,17,31,5,4,11,,,,,,,68
,,,HSS371,African American Studies (History focus),1548,2,6,1,1,5,,,1,,,,16
,,,HSS391,Modern Genocide and Mass Violence,1549,20,23,,,2,,,,,,,45
,,MathCS,CS100,Computer Science Inquiry,1550,12,13,9,5,9,3,,4,,,,55
,,,,,1551,20,18,,,2,,,,,,,40
,,,CS205,Object Oriented Programming,1552,3,7,2,3,3,,,,1,,,19
,,,,,1553,1,7,,2,3,1,1,,,,,15
,,,,,1554,4,8,3,,,,,2,1,,,18
,,,CS235,Web Technologies,1555,5,10,6,3,5,2,3,3,,,,37
,,,CS315,Microcontroller Applications (CS),1556,8,5,3,,1,,,,,,,17
,,,CS401,CS Seminar: Security and Android Apps,1557,1,6,6,3,1,,,,,,,17
,,,MAT101,Geometry I/II,1558,6,3,4,1,2,1,,2,1,,,20
,,,MAT110,Mathematical Investigations I/II,1559,,1,3,6,2,4,3,,,,,19
,,,MAT121,Mathematical Investigations II,1560,1,4,5,4,5,,,3,,,,22
,,,,,1561,10,10,10,3,4,,,5,,,,42
,,,,,1562,3,4,6,7,8,2,1,3,,,,34
,,,MAT131,Mathematical Investigations III,1563,4,2,3,,3,4,1,1,2,,,20
,,,,,1564,21,11,6,4,7,1,3,1,,,,54
,,,MAT141,Mathematical Investigations IV,1565,7,10,3,2,5,2,2,3,1,,,35
,,,,,1566,6,7,2,1,2,,1,4,,,,23
,,,,,1567,15,6,3,3,5,3,,1,,,,36
,,,,,1568,8,11,4,3,3,6,4,1,2,,,42
,,,MAT211,AB Calculus I,1569,7,6,13,2,4,,,,,,,32
,,,MAT311,BC Calculus I,1570,17,8,4,3,2,1,1,,,,,36
,,,,,1571,3,1,3,,3,,,,,,,10
,,,MAT321,BC Calculus II,1572,17,14,8,3,12,1,,3,,,,58
,,,,,1573,8,7,6,2,4,3,1,3,,,,34
,,,MAT331,BC Calculus III,1574,3,2,2,2,2,1,1,2,1,,,16
,,,,,1575,5,3,5,1,1,3,,,,,,18
,,,MAT371,BC Calculus II/III,1576,11,8,2,,2,,,,,,,23
,,,MAT411,Statistical Exploration and Description,1577,9,6,1,,1,,,,,,,17
,,,MAT421,Number Theory,1578,7,7,3,1,,,,,,,3,21
,,,MAT441,Multi-Variable Calculus,1579,9,13,4,1,3,,,1,,,,31
,,,MAT445,Theory of Analysis,1580,17,2,,,1,,,,,,1,21
,,Science,SCI105,Scientific Inquiries - Chemistry,1581,14,11,3,3,3,1,2,2,,,,39
,,,,,1582,12,12,6,4,3,1,1,,2,,,41
,,,,,1583,17,2,7,3,4,1,1,1,,,,36
,,,SCI115,Scientific Inquiries - Physics,1584,4,4,5,1,3,,,3,,,,20
,,,,,1585,14,10,2,5,7,,,1,,,,39
,,,,,1586,23,17,11,3,5,,,4,,,,63
,,,SCI125,Scientific Inquiries - Biology,1587,2,8,6,2,5,,,,,,,23
,,,,,1588,6,4,4,2,2,1,,1,,,,20
,,,SCI135,Methods in Scientific Inquiry,1589,2,4,3,2,1,1,,,,,,13
,,,,,1590,2,5,4,3,8,,1,,1,,,24
,,,,,1591,16,9,7,1,9,1,,1,,,,44
,,,,,1592,5,2,5,3,3,,,,,,,18
,,,SCI201,Adv. Chemistry--Structure and Properties,1593,8,12,3,3,4,1,1,1,,,,33
,,,,,1594,16,12,9,10,4,1,3,1,,,,56
,,,,,1595,7,9,6,5,1,,,3,,,,31
,,,SCI215,Organic Chemistry I,1596,6,12,7,,10,,,3,,,,38
,,,,,1597,3,7,2,1,2,2,,,,,,17
,,,SCI245,Environmental Chemistry,1598,19,8,3,1,4,1,,,,,,36
,,,SCI315,Microcontroller Applications (Science),1599,2,4,3,1,4,,,,,,,14
,,,SCI402,Physics: Sound and Light,1600,6,6,7,6,3,1,2,,,,,31
,,,SCI411,Physics: Calculus-based Mechanics,1601,12,9,5,3,6,,,,,,,35
,,,,,1602,10,9,7,,4,,,,,,,30
,,,SCI425,Planetary Science,1603,1,7,5,2,5,,,,,,,20
,,,SCI445,Modern Physics,1604,2,6,6,1,4,1,,,,,,20
,,,SCI455,Engineering,1605,2,10,13,7,2,3,,2,,,,39
,,,SCI465,Biophysics,1606,7,7,9,4,4,1,,3,,,1,36
,,,SCI600,Advanced Biological Systems,1607,6,6,4,2,3,,1,,,,,22
,,,,,1608,,11,1,,4,,,,,,,16
,,,,,1609,2,2,6,4,4,,,4,,,,22
,,,,,1610,5,3,1,,1,2,,,,,,12
,,,,,1611,10,13,7,4,4,3,,1,,,,42
,,,SCI605,"Evolution, Biodiversity, and Ecology",1612,14,10,2,,2,,,,,,,28
,,,SCI615,Molecular and Cellular Biology,1613,22,14,6,2,1,1,,1,,,,47
,,,SCI635,Physiology and Disease,1614,7,5,2,2,,,,1,,,,17
,,,SCI676,Seminar in Biology: Molecular Bio Lab,1615,10,3,1,,1,,,,,,,15
,,,,,1616,3,4,3,2,3,,,,,,,15
,,Wellness,WEL105,Moving and Learning,1617,1,29,6,,18,,,,,,,54
,,,,,1618,7,27,9,,12,,,,,,,55
,,,WEL205,Net and Wall Games,1619,11,17,,,3,,,,,,,31
,,,WEL231,Outdoor and Indoor Games,1620,28,5,,,,,,,,,,33
,,,WEL525,Movement and Relaxation,1621,19,25,,,3,,,,,,,47
,,WldLang,WLG110,French I,1622,12,2,7,4,7,1,,,,,,33
,,,WLG120,French II,1623,3,12,16,3,16,,,2,,,,52
,,,WLG130,French III,1624,9,15,9,5,4,1,,1,,,,44
,,,WLG140,French IV,1625,6,9,1,,3,,,,,,,19
,,,WLG220,Spanish II,1626,2,6,3,,8,,,,,,,19
,,,WLG230,Spanish III,1627,14,8,17,6,13,,,,1,,1,60
,,,WLG240,Spanish IV,1628,4,21,7,5,18,,,,,,,55
,,,WLG250,Spanish V,1629,6,5,,,2,,,,,,,13
,,,WLG310,German I,1630,9,7,4,2,5,,,,,,,27
,,,WLG320,German II,1631,7,5,7,1,4,,,2,,,,26
,,,WLG330,German III,1632,3,10,5,,1,,,,,,,19
,,,WLG510,Russian I,1633,16,9,1,,5,,,,,,,31
,,,WLG520,Russian II,1634,7,6,5,2,7,,,1,,,,28
,,,WLG530,Russian III,1635,1,8,4,,8,,,,,,,21
,,,WLG610,Mandarin Chinese I,1636,29,20,2,,8,,,,,,,59
,,,WLG620,Mandarin Chinese II,1637,9,8,,1,4,,,,,,,22
,,,,,1638,17,2,2,,3,,,,,,,24
,,,WLG630,Mandarin Chinese III,1639,31,15,4,,4,1,1,,,,,56
,S2,English,ENG102,Literary Explorations II,1640,3,5,15,6,8,1,,3,,,,41
,,,,,1641,5,13,6,2,8,1,,3,,,,38
,,,,,1642,9,25,2,,8,,,,,,,44
,,,,,1643,14,17,7,,6,,,,,,,44
,,,,,1644,11,13,5,,12,,,1,,,,42
,,,ENG212,Creative Writing Workshop,1645,11,18,5,3,6,1,,,,,,44
,,,,,1646,14,11,4,2,8,1,2,,,,,42
,,,ENG242,Modern Theater,1647,12,11,3,,6,,,1,,,,33
,,,ENG301,Modern World Fiction,1648,5,5,12,4,11,1,1,2,,,,41
,,,,,1649,3,16,6,1,14,,,,,,,40
,,,ENG325,Digital Literary Studies,1650,21,15,1,2,5,,1,1,,,,46
,,,ENG351,Graphic Novels: Image and Text,1651,1,8,10,3,14,,1,1,,,,38
,,,,,1652,6,10,8,3,18,1,,,,,,46
,,,ENG365,Speculative Fiction Studies,1653,1,15,10,1,17,1,,,,,,45
,,,,,1654,14,24,3,,7,,,,,,,48
,,FineArts,FAR100,Concert Band,1655,28,,,,,,,,,,,28
,,,FAR110,Wind Ensemble,1656,52,,,,1,,,,,,,53
,,,FAR120,String Orchestra,1657,10,,,,,,,,,,,10
,,,FAR130,Chamber Strings,1658,24,,,,,,,,,,,24
,,,FAR200,Concert Choir,1659,13,,,,,,,,,,,13
,,,FAR210,Chamber Choir,1660,15,1,,,,,,,,,,16
,,,FAR300,Music Appreciation,1661,14,2,3,1,2,,,,,,,22
,,,FAR402,Art and Design,1662,10,1,1,1,,,,,,,,13
,,,FAR411,Observational Drawing,1663,14,,,,,,,,,,,14
,,,FAR416,Digital Photography,1664,17,2,,,,1,,,,,,20
,,,FAR435,Printmaking,1665,11,2,1,,1,,,,,,,15
,,HistorySS,HSS100,American Studies,1666,6,7,,,1,,,,,,,14
,,,,,1667,6,19,8,1,10,,,,,,,44
,,,,,1668,4,16,9,3,6,2,,1,,,,41
,,,HSS202,The World in the Twentieth Century,1669,21,30,2,3,10,,,1,,,,67
,,,,,1670,14,18,3,,7,,,,,,,42
,,,,,1671,15,13,6,2,12,1,,1,,,,50
,,,,,1672,17,21,10,2,10,,3,1,,,,64
,,,HSS335,America in the Contemporary World,1673,7,33,1,,9,,,,,,,50
,,,,,1674,14,9,,,2,,,,,,,25
,,,,,1675,2,8,1,,4,,,,,,,15
,,,HSS342,History of Biology,1676,2,9,5,2,7,,,,,,,25
,,,,,1677,4,5,5,1,3,,1,,,,,19
,,,HSS352,History of Technology and Culture,1678,17,25,3,,1,,,,,,,46
,,,HSS361,US Government and the Constitution,1679,3,7,5,5,,2,,1,,,,23
,,MathCS,CS100,Computer Science Inquiry,1680,10,9,8,3,7,,,,,,,37
,,,,,1681,15,15,2,1,4,1,,1,,,,39
,,,,,1682,14,10,5,2,3,,,1,1,,,36
,,,CS205,Object Oriented Programming,1683,5,1,,1,1,1,1,1,1,,,12
,,,,,1684,2,2,1,4,2,3,,,,,,14
,,,CS235,Web Technologies,1685,2,7,2,,3,,,,,,,14
,,,CS305,Advanced Programming,1686,3,5,2,2,1,1,1,1,,,,16
,,,,,1687,3,12,4,,,1,,,,,1,21
,,,CS335,Advanced Web Technologies,1688,1,1,5,4,3,,,1,,,,15
,,,MAT110,Mathematical Investigations I/II,1689,,,2,3,1,4,3,2,1,,,16
,,,MAT122,Mathematical Investigations II,1690,,1,8,1,3,3,,1,,,,17
,,,MAT132,Mathematical Investigations III,1691,4,4,7,4,5,3,1,2,2,,,32
,,,,,1692,33,11,9,5,3,4,,1,,,,66
,,,MAT142,Mathematical Investigations IV,1693,13,7,2,5,4,3,1,,1,,,36
,,,,,1694,9,5,5,7,4,4,2,1,,,,37
,,,MAT222,AB Calculus II,1695,1,5,11,12,2,1,,1,,,,33
,,,MAT312,BC Calculus I,1696,7,8,7,6,4,4,1,2,,,,39
,,,,,1697,1,5,2,1,1,1,,2,,,,13
,,,,,1698,6,5,10,6,10,1,1,2,,,,41
,,,MAT322,BC Calculus II,1699,12,7,4,3,6,1,,,,,,33
,,,,,1700,3,3,3,2,1,,,,,,,12
,,,MAT332,BC Calculus III,1701,14,12,9,8,6,3,5,4,,,,61
,,,,,1702,4,5,6,3,6,1,1,3,,,,29
,,,MAT362,BC Calculus I/II,1703,13,7,3,,1,,,,,,,24
,,,MAT407,Modern Geometries,1704,11,1,2,,2,1,,,,,,17
,,,MAT412,Statistical Experimentation & Inference,1705,13,,,,,,,,,,,13
,,,MAT435,Discrete Mathematics,1706,6,7,3,9,2,8,2,6,,,,43
,,,MAT442,Multi-Variable Calculus,1707,14,14,4,4,6,2,,1,1,,,46
,,,MAT452,Differential Equations,1708,6,7,1,,5,1,,1,,,,21
,,,MAT462,Introduction to Algebraic Structures I,1709,7,4,1,,2,1,,,,,,15
,,,,,1710,1,3,2,5,,2,,2,,,3,18
,,Science,SCI105,Scientific Inquiries - Chemistry,1711,6,1,2,1,3,3,,,,,,16
,,,,,1712,10,7,12,1,5,1,1,1,,,,38
,,,,,1713,14,6,5,3,2,3,1,2,,,,36
,,,SCI115,Scientific Inquiries - Physics,1714,17,14,8,5,6,,,1,,,,51
,,,,,1715,18,5,4,2,2,2,1,2,,,,36
,,,SCI125,Scientific Inquiries - Biology,1716,11,6,4,2,5,2,1,,,,,31
,,,,,1717,7,8,10,2,1,4,,1,,,,33
,,,SCI135,Methods in Scientific Inquiry,1718,1,10,8,1,,,,,,,,20
,,,,,1719,15,7,4,3,4,,,,,,,33
,,,,,1720,1,8,8,2,3,,,,,,,22
,,,,,1721,4,4,3,1,6,,,,,,,18
,,,,,1722,9,4,3,1,4,,,,,,,21
,,,SCI202,Advanced Chemistry--Chemical Reactions,1723,5,6,7,2,1,4,3,2,,,,30
,,,,,1724,8,4,7,3,3,5,3,3,,,,36
,,,,,1725,10,10,6,5,6,3,6,3,1,,,50
,,,SCI222,Organic Chemistry II,1726,11,10,9,1,5,,,1,,,1,38
,,,,,1727,1,6,6,2,,1,,,,,,16
,,,SCI235,Biochemistry,1728,9,6,8,4,3,1,1,4,,,,36
,,,SCI245,Environmental Chemistry,1729,5,2,7,,1,2,,,,,,17
,,,SCI402,Physics: Sound and Light,1730,21,4,3,3,4,,,2,,,,37
,,,SCI412,Physics: Calculus-based Elec & Magnetism,1731,12,7,4,1,2,,,2,,,,28
,,,,,1732,13,2,5,,,1,1,,,,3,25
,,,SCI425,Planetary Science,1733,10,6,6,2,7,,,1,,,,32
,,,SCI445,Modern Physics,1734,2,3,4,,5,,,2,,,1,17
,,,SCI455,Engineering,1735,1,7,6,,4,,,,,,,18
,,,,,1736,8,13,6,1,7,2,,,,,,37
,,,SCI505,Computational Science,1737,6,7,7,1,9,1,,,2,,,33
,,,SCI600,Advanced Biological Systems,1738,14,11,4,,2,,2,1,,,,34
,,,,,1739,7,9,3,2,2,,,,,,,23
,,,,,1740,6,3,3,3,1,,,1,,,,17
,,,,,1741,4,4,5,,3,1,,1,,,,18
,,,,,1742,8,1,,4,4,,2,,,,,19
,,,SCI625,Microbes and Disease,1743,16,7,12,7,7,3,1,2,,,,55
,,,SCI635,Physiology and Disease,1744,6,12,6,3,1,,,,,,,28
,,Wellness,WEL105,Moving and Learning,1745,5,23,7,2,14,,,,,,,51
,,,,,1746,6,30,3,3,9,,,,,,,51
,,,WEL231,Outdoor and Indoor Games,1747,29,27,2,,3,,,,,,,61
,,,WEL312,Dance,1748,4,12,1,,4,,,,,,,21
,,,WEL525,Movement and Relaxation,1749,15,6,1,,1,,,,,,,23
,,WldLang,WLG110,French I,1750,9,4,8,,7,,,1,,,,29
,,,WLG120,French II,1751,2,17,10,3,13,3,1,2,,,,51
,,,WLG130,French III,1752,9,10,14,3,8,,,,,,,44
,,,WLG140,French IV,1753,4,8,2,,4,,,1,,,,19
,,,WLG220,Spanish II,1754,4,8,4,,3,,,,,,,19
,,,WLG230,Spanish III,1755,14,16,13,3,11,,,1,,,1,59
,,,WLG240,Spanish IV,1756,13,16,13,3,9,,,1,,,,55
,,,WLG250,Spanish V,1757,10,2,,,1,,,,,,,13
,,,WLG310,German I,1758,9,5,5,1,3,2,,,,,,25
,,,WLG320,German II,1759,6,10,4,3,2,,,,,,,25
,,,WLG330,German III,1760,7,8,4,,,,,,,,,19
,,,WLG510,Russian I,1761,11,11,3,1,4,,,,,,,30
,,,WLG520,Russian II,1762,4,12,4,,7,1,,,,,,28
,,,WLG530,Russian III,1763,3,8,5,,4,,,1,,,,21
,,,WLG610,Mandarin Chinese I,1764,21,28,3,,6,,,,,,,58
,,,WLG620,Mandarin Chinese II,1765,12,4,,1,4,,,,,,,21
,,,,,1766,17,6,1,,,,,,,,,24
,,,WLG630,Mandarin Chinese III,1767,38,10,4,,2,2,,,,,,56
19-20,S1,English,ENG101,Literary Explorations I,1768,9,17,5,2,9,,,1,,,,43
,,,,,1769,3,11,7,2,13,3,,1,,,,40
,,,,,1770,4,30,4,,5,1,,1,,,,45
,,,,,1771,4,24,3,,13,,,,1,,,45
,,,,,1772,1,10,7,3,18,,,1,,,,40
,,,ENG201,Literary Explorations III,1773,3,15,7,4,6,,,1,1,,,37
,,,,,1774,2,18,9,4,9,,,2,,,,44
,,,,,1775,4,9,10,4,7,2,2,1,,,,39
,,,,,1776,5,13,12,1,9,,,,,,,40
,,,,,1777,10,17,5,1,8,,2,1,,,,44
,,,ENG315,Shakespeare,1778,3,10,2,,3,1,,,,,,19
,,,,,1779,21,16,1,1,7,,,,,,,46
,,,ENG341,Gender Studies,1780,12,26,2,,5,,,,,,,45
,,,ENG361,Tolkien: Language and Literature,1781,9,14,9,4,10,,,1,,,,47
,,,ENG381,Rhetoric and Communication: Science,1782,7,9,2,1,3,,,,,,,22
,,,ENG502,The Idea of the Individual,1783,4,14,7,5,11,2,,,1,,,44
,,FineArts,FAR100,Concert Band,1784,34,,,,,,,,,,,34
,,,FAR110,Wind Ensemble,1785,47,1,,,,,,,,,,48
,,,FAR120,String Orchestra,1786,20,,,,,,,,,,,20
,,,FAR130,Chamber Strings,1787,20,,,,,,,,,,,20
,,,FAR200,Concert Choir,1788,12,,,1,,,,,,,,13
,,,FAR210,Chamber Choir,1789,25,1,,,,,,,,,,26
,,,FAR301,Music Theory,1790,4,2,3,,2,,,,,,,11
,,,FAR416,Digital Photography,1791,37,2,,,,,,,,,,39
,,,FAR421,Scientific Illustration,1792,18,1,,,1,,,,,,,20
,,,FAR450,3D Design Foundations,1793,19,2,1,,,,,,,,,22
,,HistorySS,HSS100,American Studies,1794,18,19,15,6,14,6,1,5,2,,,86
,,,,,1795,5,6,3,2,3,1,1,,,,,21
,,,HSS201a,Ancient World Religion and Philosophy,1796,50,33,3,2,5,,,,,,,93
,,,,,1797,8,8,3,1,3,1,1,,,,,25
,,,,,1798,11,17,6,,7,,,2,,,,43
,,,HSS201b,Conflict in World History,1799,12,12,7,6,6,1,1,1,,,,46
,,,HSS311,Political Theory,1800,25,13,2,2,4,,,,,,,46
,,,HSS325,Modern Economics,1801,48,12,,2,7,,,1,,,,70
,,,HSS371,African American Studies (History focus),1802,5,6,2,1,1,,,,,,,15
,,,HSS391,Modern Genocide and Mass Violence,1803,36,21,3,1,5,1,1,,,,,68
,,,HSS393,History of the Environment,1804,11,6,,1,3,1,,,1,,,23
,,MathCS,CS100,Computer Science Inquiry,1805,5,8,1,2,2,,,1,,,,19
,,,,,1806,16,15,6,1,4,,,,,,,42
,,,,,1807,14,10,1,,1,3,1,1,1,,,32
,,,CS205,Object Oriented Programming,1808,11,5,2,2,5,1,2,2,,,,30
,,,,,1809,2,4,4,2,2,3,,,,,,17
,,,CS235,Web Technologies,1810,5,10,3,5,5,1,,1,,,,30
,,,CS431,CS Seminar: Machine Learning,1811,25,,,1,,,,,,,,26
,,,MAT101,Geometry I/II,1812,6,2,2,,4,2,1,4,2,,,23
,,,MAT110,Mathematical Investigations I/II,1813,,5,5,3,2,1,,3,,,,19
,,,MAT121,Mathematical Investigations II,1814,2,4,2,4,2,1,1,2,1,,,19
,,,,,1815,3,7,3,2,3,,1,1,1,,,21
,,,,,1816,5,1,5,3,2,,1,3,,,,20
,,,,,1817,13,6,7,5,6,,,1,,,,38
,,,MAT131,Mathematical Investigations III,1818,1,1,1,2,5,2,,1,1,,,14
,,,,,1819,3,3,6,3,4,1,,,,,,20
,,,,,1820,9,7,6,2,2,3,,1,,,,30
,,,MAT141,Mathematical Investigations IV,1821,8,8,5,7,6,4,1,4,2,,,45
,,,,,1822,11,7,7,4,5,2,3,1,1,,,41
,,,,,1823,2,7,3,1,4,2,,4,,,,23
,,,,,1824,5,8,4,1,1,2,,1,,,,22
,,,MAT211,AB Calculus I,1825,2,4,11,3,3,6,1,4,,,,34
,,,MAT311,BC Calculus I,1826,2,5,3,3,2,1,,1,,,,17
,,,,,1827,1,6,2,2,3,,,3,,,,17
,,,,,1828,2,4,1,,5,1,2,,,,,15
,,,MAT321,BC Calculus II,1829,4,7,2,1,1,1,,1,,,,17
,,,,,1830,3,5,6,,1,1,,3,1,,,20
,,,,,1831,15,6,11,6,7,4,1,6,,,3,59
,,,MAT331,BC Calculus III,1832,22,9,2,3,2,2,,,,,,40
,,,MAT371,BC Calculus II/III,1833,13,7,1,,3,,,,,,,24
,,,MAT411,Statistical Exploration and Description,1834,35,6,,,4,,,,,,,45
,,,MAT421,Number Theory,1835,4,6,2,1,4,,,,,,1,18
,,,MAT434,Discrete Mathematics,1836,5,1,1,1,,,2,,,,,10
,,,MAT441,Multi-Variable Calculus,1837,7,12,1,3,4,1,1,2,,,,31
,,,MAT473,Linear Algebra,1838,3,9,3,,5,1,1,,,,,22
,,Science,SCI105,Scientific Inquiries - Chemistry,1839,4,7,2,,2,1,,,,,,16
,,,,,1840,7,5,2,4,,1,1,1,,,,21
,,,,,1841,17,2,5,2,5,2,4,2,1,,,40
,,,,,1842,4,12,7,6,1,5,3,1,,,,39
,,,SCI115,Scientific Inquiries - Physics,1843,2,8,3,,6,2,,,,,,21
,,,,,1844,16,9,4,4,2,,,1,,,,36
,,,,,1845,17,7,8,2,5,,,,,,,39
,,,,,1846,7,5,6,1,2,,,,,,,21
,,,SCI125,Scientific Inquiries - Biology,1847,12,13,7,2,3,,1,1,,,,39
,,,SCI135,Methods in Scientific Inquiry,1848,5,2,3,2,6,,,1,1,,,20
,,,,,1849,1,7,4,3,2,3,,1,,,,21
,,,,,1850,4,8,3,3,,,,,,,,18
,,,,,1851,5,7,3,2,1,,1,2,,,,21
,,,,,1852,16,4,,,,,,,,,,20
,,,SCI201,Adv. Chemistry--Structure and Properties,1853,11,11,11,2,1,,,1,,,,37
,,,,,1854,3,6,4,8,6,1,,2,,,,30
,,,,,1855,4,3,1,1,2,1,,,,,,12
,,,SCI215,Organic Chemistry I,1856,10,5,4,2,10,1,1,,,,,33
,,,,,1857,10,4,2,,1,1,,,,,,18
,,,,,1858,5,7,,4,2,1,,,,,,19
,,,SCI235,Biochemistry,1859,15,7,3,1,2,2,,4,,,,34
,,,SCI245,Environmental Chemistry,1860,8,5,2,,2,,,,,,,17
,,,SCI255,Medicinal Chemistry,1861,13,7,6,2,6,3,,,,,,37
,,,SCI315,Microcontroller Applications (Science),1862,5,6,2,2,2,,,,,,,17
,,,SCI325,Geology,1863,3,5,5,1,1,,,,,,,15
,,,SCI402,Physics: Sound and Light,1864,18,7,4,1,3,1,,,,,,34
,,,SCI411,Physics: Calculus-based Mechanics,1865,29,18,4,3,3,,,1,,,,58
,,,SCI425,Planetary Science,1866,,8,5,1,5,,,,,,,19
,,,,,1867,1,4,5,,3,,,,,,,13
,,,SCI445,Modern Physics,1868,6,7,9,7,2,2,,,,,,33
,,,SCI455,Engineering,1869,3,8,1,1,5,,,,,,,18
,,,,,1870,5,8,3,,4,,,,,,,20
,,,SCI600,Advanced Biological Systems,1871,5,6,,,3,1,1,,,,,16
,,,,,1872,2,6,2,1,1,1,,,,,,13
,,,,,1873,3,2,5,3,2,1,,1,,,,17
,,,,,1874,12,12,7,1,4,4,,,,,,40
,,,,,1875,6,4,2,1,1,,,,,,,14
,,,SCI605,"Evolution, Biodiversity, and Ecology",1876,9,2,2,,1,1,,,,,,15
,,,SCI616,Cancer Biology,1877,5,5,1,,2,,,,,,,13
,,,SCI625,Microbes and Disease,1878,3,3,1,1,2,2,,,,,,12
,,,SCI636,Pathophysiology,1879,12,9,9,1,1,2,,,,,,34
,,,SCI645,Biology of Behavior,1880,11,2,2,2,1,,,,,,,18
,,Wellness,WEL105,Moving and Learning,1881,3,20,1,3,26,1,,,,,,54
,,,,,1882,7,30,4,,10,,,,,,,51
,,,WEL205,Net and Wall Games,1883,20,5,,,2,,,,,,,27
,,,WEL231,Outdoor and Indoor Games,1884,14,17,1,,1,,,,,,,33
,,,WEL251,Stress Management for Life,1885,13,5,2,,2,,,,,,,22
,,,WEL525,Movement and Relaxation,1886,10,11,,,3,,,,,,,24
,,WldLang,WLG110,French I,1887,11,9,3,5,7,1,,,,,,36
,,,WLG120,French II,1888,9,15,5,3,6,,1,3,,,,42
,,,WLG130,French III,1889,6,18,7,4,6,1,,2,,,,44
,,,WLG140,French IV,1890,5,6,1,,2,,,,,,,14
,,,WLG220,Spanish II,1891,2,7,3,1,4,,,1,,,,18
,,,WLG230,Spanish III,1892,5,13,12,1,20,1,,1,,,,53
,,,WLG240,Spanish IV,1893,27,15,1,1,8,2,,,,,,54
,,,WLG250,Spanish V,1894,8,12,2,,2,,,,,,,24
,,,WLG310,German I,1895,8,5,5,1,3,,,1,,,,23
,,,WLG320,German II,1896,14,6,2,1,6,,,,,,,29
,,,WLG330,German III,1897,8,8,2,,3,,,1,,,,22
,,,WLG510,Russian I,1898,12,4,1,1,4,,,,,,,22
,,,WLG520,Russian II,1899,10,10,5,,2,,,1,,,,28
,,,WLG530,Russian III,1900,1,9,3,2,8,,,,,,,23
,,,WLG610,Mandarin Chinese I,1901,29,16,3,,3,,,,,,,51
,,,WLG620,Mandarin Chinese II,1902,11,7,,,2,,,,,,,20
,,,,,1903,32,9,1,,2,,,,,,,44
,,,WLG630,Mandarin Chinese III,1904,26,9,1,,4,,,,,,,40
,S2,English,ENG102,Literary Explorations II,1905,,,,,,,,,,,41,41
,,,,,1906,,,,,,,,,,,40,40
,,,,,1907,,,,,,,,,,,40,40
,,,,,1908,,,,,,,,,,,46,46
,,,,,1909,,,,,,,,,,,45,45
,,,ENG212,Creative Writing Workshop,1910,,,,,,,,,,1,47,48
,,,,,1911,,,,,,,,,,,42,42
,,,ENG242,Modern Theater,1912,,,,,,,,,,,40,40
,,,ENG301,Modern World Fiction,1913,,,,,,,,,,,18,18
,,,,,1914,,,,,,,,,,,41,41
,,,ENG325,Digital Literary Studies,1915,,,,,,,,,,,93,93
,,,ENG351,Graphic Novels: Image and Text,1916,,,,,,,,,,,44,44
,,,,,1917,,,,,,,,,,,47,47
,,,ENG365,Speculative Fiction Studies,1918,,,,,,,,,,,46,46
,,,ENG512,Victorian Fiction,1919,,,,,,,,,,,13,13
,,FineArts,FAR100,Concert Band,1920,,,,,,,,,,,31,31
,,,FAR110,Wind Ensemble,1921,,,,,,,,,,,50,50
,,,FAR120,String Orchestra,1922,,,,,,,,,,,18,18
,,,FAR130,Chamber Strings,1923,,,,,,,,,,,20,20
,,,FAR200,Concert Choir,1924,,,,,,,,,,,12,12
,,,FAR210,Chamber Choir,1925,,,,,,,,,,2,25,27
,,,FAR300,Music Appreciation,1926,,,,,,,,,,,16,16
,,,FAR402,Art and Design,1927,,,,,,,,,,,20,20
,,,FAR411,Observational Drawing,1928,,,,,,,,,,,19,19
,,,FAR416,Digital Photography,1929,,,,,,,,,,,20,20
,,,FAR435,Printmaking,1930,,,,,,,,,,,15,15
,,HistorySS,HSS100,American Studies,1931,,,,,,,,,,2,60,62
,,,,,1932,,,,,,,,,,1,43,44
,,,HSS202,The World in the Twentieth Century,1933,,,,,,,,,,,96,96
,,,,,1934,,,,,,,,,,,46,46
,,,,,1935,,,,,,,,,,4,60,64
,,,HSS325,Modern Economics,1936,,,,,,,,,,,71,71
,,,HSS335,America in the Contemporary World,1937,,,,,,,,,,,74,74
,,,HSS342,History of Biology,1938,,,,,,,,,,,22,22
,,,HSS352,History of Technology and Culture,1939,,,,,,,,,,,43,43
,,,HSS361,US Government and the Constitution,1940,,,,,,,,,,,22,22
,,MathCS,CS100,Computer Science Inquiry,1941,,,,,,,,,,1,33,34
,,,,,1942,,,,,,,,,,,37,37
,,,,,1943,,,,,,,,,,,40,40
,,,CS205,Object Oriented Programming,1944,,,,,,,,,,,33,33
,,,CS305,Advanced Programming,1945,,,,,,,,,,,35,35
,,,CS335,Advanced Web Technologies,1946,,,,,,,,,,,10,10
,,,CS422,CS Seminar: UNIX/Linux and Cybersecurity,1947,,,,,,,,,,,15,15
,,,MAT110,Mathematical Investigations I/II,1948,,,,,,,,,,,19,19
,,,MAT122,Mathematical Investigations II,1949,,,,,,,,,,1,16,17
,,,MAT132,Mathematical Investigations III,1950,,,,,,,,,,,22,22
,,,,,1951,,,,,,,,,,,41,41
,,,,,1952,,,,,,,,,,,38,38
,,,MAT142,Mathematical Investigations IV,1953,,,,,,,,,,1,17,18
,,,,,1954,,,,,,,,,,,17,17
,,,,,1955,,,,,,,,,,,31,31
,,,MAT222,AB Calculus II,1956,,,,,,,,,,,36,36
,,,MAT312,BC Calculus I,1957,,,,,,,,,,,34,34
,,,,,1958,,,,,,,,,,2,26,28
,,,,,1959,,,,,,,,,,,23,23
,,,MAT322,BC Calculus II,1960,,,,,,,,,,1,19,20
,,,,,1961,,,,,,,,,,,30,30
,,,MAT332,BC Calculus III,1962,,,,,,,,,,,18,18
,,,,,1963,,,,,,,,,,,36,36
,,,,,1964,,,,,,,,,,1,39,40
,,,MAT362,BC Calculus I/II,1965,,,,,,,,,,,24,24
,,,MAT412,Statistical Experimentation & Inference,1966,,,,,,,,,,,35,35
,,,MAT435,Discrete Mathematics,1967,,,,,,,,,,2,38,40
,,,MAT442,Multi-Variable Calculus,1968,,,,,,,,,,,43,43
,,,MAT445,Theory of Analysis,1969,,,,,,,,,,,12,12
,,,MAT452,Differential Equations,1970,,,,,,,,,,,46,46
,,,MAT802,Advanced Topics in Mathematics,1971,12,,,,,,,,,,,12
,,Science,SCI105,Scientific Inquiries - Chemistry,1972,,,,,,,,,,2,36,38
,,,,,1973,,,,,,,,,,,35,35
,,,,,1974,,,,,,,,,,1,17,18
,,,SCI115,Scientific Inquiries - Physics,1975,,,,,,,,,,,38,38
,,,,,1976,,,,,,,,,,,50,50
,,,SCI125,Scientific Inquiries - Biology,1977,,,,,,,,,,,30,30
,,,,,1978,,,,,,,,,,,21,21
,,,,,1979,,,,,,,,,,,14,14
,,,SCI135,Methods in Scientific Inquiry,1980,,,,,,,,,,,16,16
,,,,,1981,,,,,,,,,,3,18,21
,,,,,1982,,,,,,,,,,,17,17
,,,,,1983,,,,,,,,,,,19,19
,,,,,1984,,,,,,,,,,,40,40
,,,SCI202,Advanced Chemistry--Chemical Reactions,1985,,,,,,,,,,,38,38
,,,,,1986,,,,,,,,,,,30,30
,,,,,1987,,,,,,,,,,1,14,15
,,,SCI222,Organic Chemistry II,1988,,,,,,,,,,,17,17
,,,,,1989,,,,,,,,,,,18,18
,,,,,1990,,,,,,,,,,,14,14
,,,SCI235,Biochemistry,1991,,,,,,,,,,,18,18
,,,SCI245,Environmental Chemistry,1992,,,,,,,,,,,40,40
,,,SCI255,Medicinal Chemistry,1993,,,,,,,,,,3,31,34
,,,SCI402,Physics: Sound and Light,1994,,,,,,,,,,,39,39
,,,SCI412,Physics: Calculus-based Elec & Magnetism,1995,,,,,,,,,,,13,13
,,,,,1996,,,,,,,,,,,37,37
,,,SCI425,Planetary Science,1997,,,,,,,,,,,20,20
,,,SCI445,Modern Physics,1998,,,,,,,,,,,18,18
,,,SCI455,Engineering,1999,,,,,,,,,,,35,35
,,,SCI465,Biophysics,2000,,,,,,,,,,,32,32
,,,SCI505,Computational Science,2001,,,,,,,,,,,32,32
,,,SCI600,Advanced Biological Systems,2002,,,,,,,,,,,20,20
,,,,,2003,,,,,,,,,,,11,11
,,,,,2004,,,,,,,,,,,18,18
,,,,,2005,,,,,,,,,,1,31,32
,,,,,2006,,,,,,,,,,1,18,19
,,,SCI616,Cancer Biology,2007,,,,,,,,,,,18,18
,,,SCI625,Microbes and Disease,2008,,,,,,,,,,,17,17
,,,SCI636,Pathophysiology,2009,,,,,,,,,,,15,15
,,,SCI645,Biology of Behavior,2010,,,,,,,,,,1,19,20
,,,,,2011,,,,,,,,,,,19,19
,,Wellness,WEL105,Moving and Learning,2012,,,,,,,,,,,52,52
,,,,,2013,,,,,,,,,,1,54,55
,,,WEL205,Net and Wall Games,2014,,,,,,,,,,,33,33
,,,WEL231,Outdoor and Indoor Games,2015,,,,,,,,,,,28,28
,,,WEL312,Dance,2016,,,,,,,,,,,18,18
,,,WEL525,Movement and Relaxation,2017,,,,,,,,,,,25,25
,,WldLang,WLG110,French I,2018,,,,,,,,,,,36,36
,,,WLG120,French II,2019,,,,,,,,,,,42,42
,,,WLG130,French III,2020,,,,,,,,,,,44,44
,,,WLG140,French IV,2021,,,,,,,,,,,14,14
,,,WLG220,Spanish II,2022,,,,,,,,,,,18,18
,,,WLG230,Spanish III,2023,,,,,,,,,,,53,53
,,,WLG240,Spanish IV,2024,,,,,,,,,,,54,54
,,,WLG250,Spanish V,2025,,,,,,,,,,,24,24
,,,WLG310,German I,2026,,,,,,,,,,,23,23
,,,WLG320,German II,2027,,,,,,,,,,,29,29
,,,WLG330,German III,2028,,,,,,,,,,,22,22
,,,WLG510,Russian I,2029,,,,,,,,,,,21,21
,,,WLG520,Russian II,2030,,,,,,,,,,,28,28
,,,WLG530,Russian III,2031,,,,,,,,,,,23,23
,,,WLG610,Mandarin Chinese I,2032,,,,,,,,,,,50,50
,,,WLG620,Mandarin Chinese II,2033,,,,,,,,,,,20,20
,,,,,2034,,,,,,,,,,,44,44
,,,WLG630,Mandarin Chinese III,2035,,,,,,,,,,,40,40
20-21,S1,English,ENG101,Literary Explorations I,1001,10,18,3,1,10,,,,,,,42
,,,,,1002,10,15,6,1,10,,,,,,1,43
,,,,,1003,4,13,7,7,8,3,,2,1,,,45
,,,,,1004,13,3,2,,1,,,,,,,20
,,,,,1005,27,10,1,,,3,,,,,,41
,,,,,1006,9,17,7,1,4,,,2,,,,41
,,,ENG201a,Literary Explorations III,1007,36,6,,1,1,,,,,,,44
,,,,,1008,27,,2,1,,,,1,,,,31
,,,,,1009,11,20,7,,9,1,,,,,,48
,,,,,1010,29,10,1,,1,,,,,,,43
,,,,,1011,20,13,1,2,7,,,1,,,,45
,,,ENG315,Shakespeare,1012,6,17,8,2,7,,,4,,1,,45
,,,,,1013,14,5,1,,4,,,,,,,24
,,,ENG341,Gender Studies,1014,4,10,3,,4,,,,,,,21
,,,,,1015,21,17,,1,4,,,,,,,44
,,,ENG401a,Authors & Topics: Experiments in Poetry,1016,36,4,2,1,1,,1,1,,,,46
,,,ENG502,The Idea of the Individual,1017,2,3,7,3,6,,,,1,,,22
,,FineArts,FAR100,Concert Band,1018,38,,1,,,,,,,,,39
,,,FAR110,Wind Ensemble,1019,36,2,,,,,,,,,,38
,,,FAR120,String Orchestra,1020,27,1,1,,,,,,,,,29
,,,FAR130,Chamber Strings,1021,22,,,,,,,,,,,22
,,,FAR200,Concert Choir,1022,8,1,,,1,,,,1,,,11
,,,FAR210,Chamber Choir,1023,8,,,,,,1,,,,,10
,,,FAR416,Digital Photography,1024,38,,,,1,,,,,,,39
,,,FAR421,Scientific Illustration,1025,19,1,,,,,,,,,,20
,,,FAR450,3D Design Foundations,1026,16,3,,,1,,,,,,,20
,,HistorySS,HSS100,American Studies,1027,10,11,9,3,8,1,,1,1,,,46
,,,,,1028,17,24,8,2,13,,,2,1,,,67
,,,HSS201a,Ancient World Religion and Philosophy,1029,43,12,,2,2,,,1,1,,,61
,,,,,1030,34,17,4,,4,,,1,1,,,62
,,,HSS201b,Conflict in World History,1031,9,18,6,4,4,2,,3,1,1,,48
,,,HSS201h,Ancient Epics,1032,13,4,1,,2,,,,,,,20
,,,HSS201i,Revolutions,1033,8,8,1,,4,,,,,,,21
,,,HSS311,Political Theory,1034,20,16,,,9,1,3,1,,,,50
,,,HSS325,Modern Economics,1035,36,28,3,2,6,1,,,,,,78
,,,HSS353,History of Mathematics,1036,40,,1,1,1,,,,3,2,,48
,,,HSS393,History of the Environment,1037,9,12,,1,,,,1,,1,,25
,,MathCS,CS100,Computer Science Inquiry,1038,9,6,3,,2,,,,1,,,22
,,,,,1039,14,12,2,4,5,,,,,,,37
,,,,,1040,38,,3,,,2,1,1,,,,45
,,,CS205,Object Oriented Programming,1041,21,8,1,,3,,1,1,2,,,38
,,,,,1042,4,3,1,,,1,,2,1,,,13
,,,,,1043,18,1,,,,1,,,,,,20
,,,CS235,Web Technologies,1044,8,5,3,1,2,,,,1,,,20
,,,,,1045,14,3,,,1,,,,,1,,19
,,,CS315,Microcontroller Applications (CS),1046,4,4,3,,,,,,,,,11
,,,MAT101,Geometry I/II,1047,2,1,1,2,,3,2,1,,,,12
,,,MAT110,Mathematical Investigations I/II,1048,,,2,2,1,1,,1,4,,1,12
,,,,,1049,1,6,6,5,4,2,1,1,1,,,27
,,,MAT121,Mathematical Investigations II,1050,12,7,10,4,6,,,,1,1,,42
,,,,,1051,6,4,3,2,1,,,2,,,1,19
,,,,,1052,9,4,3,1,1,,1,,,,,20
,,,,,1053,7,3,6,2,,,1,,,,,19
,,,MAT131,Mathematical Investigations III,1054,4,2,5,4,5,4,4,4,5,,,37
,,,,,1055,18,5,3,1,5,2,,1,,,,35
,,,MAT141,Mathematical Investigations IV,1056,14,7,5,1,3,1,1,1,,,,34
,,,,,1057,11,1,1,,3,,,,,,,16
,,,,,1058,11,7,4,2,2,6,2,3,1,,,38
,,,,,1059,6,7,7,6,3,2,2,3,1,,,39
,,,MAT211,AB Calculus I,1060,7,11,7,1,9,2,1,2,,1,,42
,,,MAT311,BC Calculus I,1061,18,8,5,1,7,2,1,1,,,,43
,,,MAT321,BC Calculus II,1062,2,1,4,,1,,3,,1,1,,13
,,,,,1063,9,12,4,3,5,1,1,,,,,35
,,,,,1064,10,10,4,4,2,1,,2,,,,37
,,,MAT331,BC Calculus III,1065,6,11,7,3,9,1,3,1,1,,,42
,,,MAT371,BC Calculus II/III,1066,23,,,,,,,,,,,23
,,,MAT411,Statistical Exploration and Description,1067,62,3,4,,,,,,,,,69
,,,MAT421,Number Theory,1068,2,3,3,1,2,,,,,,,11
,,,MAT441,Multi-Variable Calculus,1069,13,2,2,,3,,,,,,,20
,,,MAT473,Linear Algebra,1070,12,2,2,,3,1,,,,,,20
,,Science,SCI105,Scientific Inquiries - Chemistry,1071,14,17,3,5,4,,1,1,,,,45
,,,,,1072,24,10,10,4,6,1,,3,2,,1,61
,,,SCI115,Scientific Inquiries - Physics,1073,9,4,2,,3,,,1,,,,19
,,,,,1074,30,10,3,1,8,,2,,,,,54
,,,,,1075,28,8,1,,1,1,,1,,,,40
,,,SCI135,Methods in Scientific Inquiry,1076,27,1,4,3,3,,,,,,1,40
,,,,,1077,9,5,3,,2,1,,,,,,20
,,,,,1078,39,,,,,,2,,,,,41
,,,,,1079,11,4,2,1,1,3,1,,1,,,24
,,,SCI201,Adv. Chemistry--Structure and Properties,1080,30,5,1,,2,,,,,,,38
,,,,,1081,40,10,4,1,2,1,1,,,,,59
,,,SCI215,Organic Chemistry I,1082,7,11,1,,,,,1,,,,20
,,,,,1083,21,8,2,2,1,2,,,,,,38
,,,SCI235,Biochemistry,1084,22,8,2,3,3,,,1,,,,39
,,,SCI245,Environmental Chemistry,1085,16,,2,,1,,,,,,,19
,,,SCI255,Medicinal Chemistry,1086,16,,,1,1,,,,,,,19
,,,SCI315,Microcontroller Applications (Science),1087,4,1,3,4,3,1,,,1,1,,19
,,,SCI325,Geology,1088,6,1,1,,3,,,,,,,14
,,,SCI402,Physics: Sound and Light,1089,21,8,4,2,2,1,,,,,,40
,,,SCI411,Physics: Calculus-based Mechanics,1090,24,7,2,3,2,,,,,,,38
,,,,,1091,28,5,1,,2,1,1,1,,,,39
,,,SCI445,Modern Physics,1092,6,9,6,3,11,,3,,1,,,39
,,,SCI455,Engineering,1093,,17,,,2,,,,,,,19
,,,,,1094,7,10,1,,1,,,,,,,19
,,,SCI465,Biophysics,1095,8,9,4,5,5,,1,,,,,32
,,,SCI600,Advanced Biological Systems,1096,12,5,1,1,2,,,,,,,21
,,,,,1097,33,1,,,,,,,,,,34
,,,,,1098,16,13,5,,3,,1,,1,,,39
,,,,,1099,4,4,1,2,,,1,1,,,,13
,,,SCI625,Microbes and Disease,1100,17,11,1,,2,,,,1,,,33
,,,SCI636,Pathophysiology,1101,3,4,4,2,4,,,,,,,17
,,,SCI645,Biology of Behavior,1102,14,4,,,,,,,,,,18
,,Wellness,WEL105,Moving and Learning,1103,5,19,8,3,24,2,,,1,,1,63
,,,,,1104,5,26,6,4,12,1,,3,,,,57
,,,WEL231,Outdoor and Indoor Games,1105,50,8,1,1,3,1,,,,,,64
,,,WEL312,Dance,1106,6,8,3,,4,,,,,,,21
,,,WEL525,Movement and Relaxation,1107,8,6,1,,2,,,,,,,17
,,WldLang,WLG110,French I,1108,9,5,5,6,3,2,,2,,,,32
,,,WLG120,French II,1109,23,12,4,3,2,,,2,2,,,48
,,,WLG130,French III,1110,11,10,5,4,7,,2,1,,,,40
,,,WLG140,French IV,1111,19,1,2,,,1,,,,,,23
,,,WLG220,Spanish II,1112,26,6,1,2,2,,2,,1,,,41
,,,WLG230,Spanish III,1113,36,2,,,,,,,,,,38
,,,WLG240,Spanish IV,1114,55,2,,,,,,,,,,57
,,,WLG250,Spanish V,1115,18,2,,,,,,,,,,20
,,,WLG310,German I,1116,15,7,1,,2,1,1,,,,,27
,,,WLG320,German II,1117,15,4,5,1,1,1,,,,,,27
,,,WLG330,German III,1118,13,4,2,1,4,1,,,,,,25
,,,WLG510,Russian I,1119,13,6,2,2,1,,,1,,,,25
,,,WLG520,Russian II,1120,9,5,3,,4,,,,,,,21
,,,WLG530,Russian III,1121,17,1,1,,1,,,,,,,20
,,,WLG610,Mandarin Chinese I,1122,39,14,1,2,2,,,,,,1,59
,,,WLG620,Mandarin Chinese II,1123,13,8,3,1,1,,,,,,,26
,,,,,1124,19,5,,,,1,,,,,,25
,,,WLG630,Mandarin Chinese III,1125,47,8,1,3,1,,,,,1,,61
,S2,English,ENG102,Literary Explorations II,1126,10,20,3,2,5,,,2,,,,42
,,,,,1127,5,11,5,2,12,,,3,2,,,40
,,,,,1128,45,8,4,2,2,1,1,,3,,,66
,,,,,1129,29,4,1,1,2,,,,1,,,38
,,,,,1130,20,12,5,,5,1,,,,,,43
,,,ENG212,Creative Writing Workshop,1131,14,21,7,2,3,,,1,,,,48
,,,,,1132,20,13,1,,2,1,,2,1,,,40
,,,ENG242,Modern Theater,1133,,7,5,3,3,,,1,1,,,20
,,,,,1134,35,3,3,,,1,1,,,,,43
,,,ENG301,Modern World Fiction,1135,3,5,2,1,5,,,,,,,16
,,,,,1136,15,,1,,1,,,,1,,,19
,,,ENG325,Digital Literary Studies,1137,68,13,4,3,1,3,1,,,1,,94
,,,ENG351,Graphic Novels: Image and Text,1138,12,20,4,,8,,,2,1,,,48
,,,ENG365,Speculative Fiction Studies,1139,6,13,4,1,18,,,1,2,,,45
,,,,,1140,14,9,2,1,7,,,,,,,33
,,FineArts,FAR100,Concert Band,1141,36,2,,,,,,,1,,,39
,,,FAR110,Wind Ensemble,1142,36,3,,,,,,,,,,39
,,,FAR120,String Orchestra,1143,25,3,,,,,,1,,,,29
,,,FAR130,Chamber Strings,1144,21,,,,1,,,,,,,22
,,,FAR200,Concert Choir,1145,8,1,1,,,,,,,,,10
,,,FAR402,Art and Design,1146,17,1,,,,,1,,,,,19
,,,FAR411,Observational Drawing,1147,16,1,2,1,,,,,,,,20
,,,FAR416,Digital Photography,1148,35,2,1,,,,,,,,,38
,,HistorySS,HSS100,American Studies,1149,40,16,18,3,12,1,,,4,,,96
,,,,,1150,7,6,3,,4,,,,1,,,21
,,,HSS202,The World in the Twentieth Century,1151,62,7,1,1,,,1,1,2,,,77
,,,,,1152,11,20,8,4,5,,,,,,,48
,,,,,1153,59,11,4,3,2,,,,,,,79
,,,HSS326,Modern Economics,1154,29,21,,,12,,1,,,,,63
,,,HSS335,America in the Contemporary World,1155,13,,2,2,2,1,,,1,,,21
,,,HSS352,History of Technology and Culture,1156,18,11,2,3,3,1,,,2,,,40
,,,HSS361,US Government and the Constitution,1157,11,8,1,,2,,,,1,,,23
,,,HSS373,Research in Global History of Africa,1158,14,,,1,1,,,,,,,16
,,,HSS394,"Modern Conflict, Insurgency & Terrorism",1159,18,7,8,2,6,2,,3,,,,46
,,MathCS,CS100,Computer Science Inquiry,1160,14,4,7,6,4,3,,3,1,,,42
,,,,,1161,7,14,5,2,3,2,3,,,,,37
,,,,,1162,31,2,,,4,,,1,1,,,39
,,,CS205,Object Oriented Programming,1163,8,7,2,2,,1,1,,1,,,22
,,,CS305,Advanced Programming,1164,14,1,,,,,,1,,,,16
,,,,,1165,14,2,,,,,,,,,,16
,,,CS422,CS Seminar: UNIX/Linux and Cybersecurity,1166,5,4,2,1,,,,,,1,,13
,,,CS431,CS Seminar: Machine Learning,1167,17,3,1,,1,,1,,,,,23
,,,,,1168,19,,,,,,,,,,,19
,,,MAT110,Mathematical Investigations I/II,1169,5,10,4,6,7,2,,2,2,,,38
,,,MAT122,Mathematical Investigations II,1170,1,2,4,1,1,,,2,2,,,13
,,,MAT132,Mathematical Investigations III,1171,1,7,13,4,3,4,,3,4,,,39
,,,,,1172,6,11,3,3,3,5,2,6,1,,,40
,,,,,1173,5,7,6,1,1,1,1,,,,,22
,,,MAT142,Mathematical Investigations IV,1174,4,1,,2,5,1,,1,4,,,18
,,,,,1175,6,1,1,,3,2,1,2,,,,17
,,,,,1176,13,4,2,2,2,2,4,1,2,,,32
,,,MAT222,AB Calculus II,1177,11,11,2,5,7,2,2,1,,1,,42
,,,MAT312,BC Calculus I,1178,10,13,9,7,8,,2,1,1,,,51
,,,,,1179,9,7,9,4,3,2,1,,2,,,37
,,,MAT322,BC Calculus II,1180,20,8,4,3,3,2,,3,,,,43
,,,MAT332,BC Calculus III,1181,14,11,11,1,3,4,1,4,1,,,52
,,,,,1182,7,4,7,4,8,,,1,1,,,32
,,,MAT362,BC Calculus I/II,1183,12,7,1,,3,1,,,,,,24
,,,MAT407,Modern Geometries,1184,7,1,2,,,,,1,,,,11
,,,MAT412,Statistical Experimentation & Inference,1185,46,5,2,,,,,,,,,53
,,,MAT435,Discrete Mathematics,1186,2,2,3,1,,1,,1,3,,,13
,,,MAT442,Multi-Variable Calculus,1187,12,5,1,1,2,,,,,,,21
,,,,,1188,19,10,1,1,5,,1,,,,,37
,,,MAT452,Differential Equations,1189,33,4,1,,1,,,,,1,,40
,,,MAT474,Abstract Algebra,1190,10,3,,,1,,,,,,,14
,,Science,SCI105,Scientific Inquiries - Chemistry,1191,31,8,6,1,2,,2,,1,,,51
,,,,,1192,40,7,3,4,3,1,,1,4,,,63
,,,SCI115,Scientific Inquiries - Physics,1193,5,4,2,1,2,,,,,,,14
,,,,,1194,22,10,2,1,6,1,,,1,,,43
,,,,,1195,35,4,2,2,2,3,,,2,,,50
,,,SCI135,Methods in Scientific Inquiry,1196,35,2,1,2,,,1,,,,,41
,,,,,1197,32,,,,,,,1,1,,,34
,,,,,1198,7,3,1,1,1,,2,1,2,,,18
,,,,,1199,7,8,,,,,,,,,,15
,,,SCI202,Advanced Chemistry--Chemical Reactions,1200,24,7,1,,1,,,,,,,33
,,,,,1201,25,13,6,2,5,,1,1,,,,53
,,,SCI222,Organic Chemistry II,1202,3,1,1,,6,,1,,,,,12
,,,,,1203,20,5,2,1,,,,,1,,,29
,,,SCI235,Biochemistry,1204,9,3,2,,1,,,2,,,,17
,,,SCI245,Environmental Chemistry,1205,23,5,3,1,1,,2,1,,,,36
,,,SCI255,Medicinal Chemistry,1206,16,2,1,,,,,,,,,19
,,,SCI402,Physics: Sound and Light,1207,8,2,2,,3,1,,,,,,17
,,,,,1208,24,6,2,1,1,2,3,,,,,39
,,,SCI412,Physics: Calculus-based Elec & Magnetism,1209,18,7,4,1,1,3,,,,,,34
,,,,,1210,14,2,1,1,1,,,1,,,,20
,,,SCI425,Planetary Science,1211,4,9,1,1,1,1,,,,,,17
,,,,,1212,10,4,1,1,1,1,,2,,,,20
,,,SCI445,Modern Physics,1213,3,2,2,1,3,,,,,1,,12
,,,SCI455,Engineering,1214,40,9,1,2,4,,,,,1,,57
,,,SCI505,Computational Science,1215,9,12,5,1,1,2,,1,,2,,35
,,,SCI600,Advanced Biological Systems,1216,12,4,,,,,,,,,,16
,,,,,1217,34,2,,,,,,,,,,36
,,,,,1218,18,9,1,,2,2,,,3,,,35
,,,,,1219,9,4,,2,,,,,1,,,16
,,,SCI605,"Evolution, Biodiversity, and Ecology",1220,14,2,1,,,1,,,1,,,19
,,,SCI616,Cancer Biology,1221,9,5,,1,,,,,,,,15
,,,,,1222,6,5,2,,1,,,,1,,,15
,,,SCI636,Pathophysiology,1223,23,8,,,,2,1,,,,,34
,,Wellness,WEL105,Moving and Learning,1224,3,12,11,3,18,2,3,2,2,,,56
,,,,,1225,8,17,13,3,8,1,,4,2,,,56
,,,WEL231,Outdoor and Indoor Games,1226,14,10,1,,2,1,,1,,,,29
,,,WEL251,Stress Management for Life,1227,9,11,1,,2,2,,,,,,25
,,,,,1228,12,6,3,2,1,,,,1,,,25
,,,WEL525,Movement and Relaxation,1229,16,5,1,1,1,,,,,,,24
,,WldLang,WLG110,French I,1230,9,6,7,2,4,2,,,2,,,32
,,,WLG120,French II,1231,32,7,2,1,,2,,1,,,,45
,,,WLG130,French III,1232,10,13,5,5,4,,,2,,,,39
,,,WLG140,French IV,1233,14,5,,,,4,,,,,,23
,,,WLG220,Spanish II,1234,35,3,1,,1,,,,1,,,41
,,,WLG230,Spanish III,1235,36,1,1,,,,,,,,,38
,,,WLG240,Spanish IV,1236,54,1,,,2,,,,,,,57
,,,WLG250,Spanish V,1237,19,1,,,,,,,,,,20
,,,WLG310,German I,1238,13,6,3,1,3,,,,,,,26
,,,WLG320,German II,1239,18,3,3,1,2,,,,,,,27
,,,WLG330,German III,1240,14,7,1,1,1,,,,,,,24
,,,WLG510,Russian I,1241,16,3,2,1,2,,,,1,,,25
,,,WLG520,Russian II,1242,19,,1,,,,,,,,,21
,,,WLG530,Russian III,1243,16,1,1,,2,,,,,,,20
,,,WLG610,Mandarin Chinese I,1244,28,20,4,,5,,,1,,,,58
,,,WLG620,Mandarin Chinese II,1245,12,8,3,,1,,,,,,,24
,,,,,1246,20,3,,,,,,2,,,,25
,,,WLG630,Mandarin Chinese III,1247,43,6,2,2,3,,,3,,,,59
21-22,S1,English,ENG101,Literary Explorations I,1001,2,13,11,4,10,,,,,,,40
,,,,,1002,3,10,4,3,10,,,1,,,,31
,,,,,1003,2,8,1,3,4,1,,2,1,,,22
,,,,,1004,27,7,2,,1,1,,,,1,,39
,,,,,1005,15,12,7,3,6,,,1,,,,44
,,,,,1006,15,13,6,2,7,2,,1,1,,,47
,,,ENG201,Literary Explorations III,1007,3,10,9,2,13,,,1,,,,38
,,,,,1008,21,13,1,,3,,,,2,1,,41
,,,,,1009,27,8,,2,2,,,1,1,,,41
,,,,,1010,7,19,9,6,6,,,,,,,47
,,,,,1011,19,16,6,1,6,,,,,,,48
,,,ENG315,Shakespeare,1012,26,12,3,1,2,,1,,,1,,46
,,,ENG341,Gender Studies,1013,21,16,1,,2,,,,,1,,41
,,,ENG401b,Authors & Topics: Satire,1014,12,16,4,1,10,,,1,,3,,47
,,,,,1015,16,15,4,1,9,,,,,1,,46
,,,ENG502,The Idea of the Individual,1016,4,3,7,,4,2,,,,1,,21
,,FineArts,FAR100,Concert Band,1017,30,2,,,,,,,,,,32
,,,FAR110,Wind Ensemble,1018,48,1,,,,,,,,,,49
,,,FAR120,String Orchestra,1019,19,3,,,,,,,,,,22
,,,FAR130,Chamber Strings,1020,26,2,,,,,,,,,,28
,,,FAR200,Concert Choir,1021,10,1,,1,1,,,,,,,13
,,,FAR210,Chamber Choir,1022,11,,,,,,,,,,,11
,,,FAR416,Digital Photography,1023,32,2,,1,,,,,,,,35
,,,FAR421,Scientific Illustration,1024,18,1,,,,,,,,,,19
,,,FAR452,Graphic Design & Technology,1025,18,,,,1,,,,,,,19
,,HistorySS,HSS100,American Studies,1026,7,6,3,1,6,1,,,,,,24
,,,,,1027,38,16,9,5,9,4,3,1,4,,,89
,,,HSS201a,Ancient World Religion and Philosophy,1028,33,29,2,,3,,,,,1,,68
,,,,,1029,12,6,3,1,1,,,,1,,,24
,,,HSS201b,Conflict in World History,1030,7,15,11,7,4,,,,1,1,,46
,,,HSS201g,Historic Global Commodities and Culture,1031,12,1,3,1,5,,,,1,,,23
,,,HSS201h,Ancient Epics,1032,12,7,,,1,,,,,,,20
,,,HSS201i,Revolutions,1033,7,4,2,,3,1,,,,,,17
,,,,,1034,3,8,1,1,2,,,1,,,,16
,,,HSS311,Political Theory,1035,18,9,5,5,2,2,1,1,,4,,47
,,,HSS325,Modern Economics,1036,45,31,,,3,,,2,,,,81
,,,HSS361,US Government and the Constitution,1037,20,1,,,2,,,1,1,,,25
,,,HSS393,History of the Environment,1038,27,12,2,,5,,,,2,2,,50
,,MathCS,CS100,Computer Science Inquiry,1039,11,4,5,2,6,2,1,2,,1,,34
,,,,,1040,10,4,6,1,3,1,3,1,3,1,,33
,,,,,1041,30,12,1,,,,,1,,,,44
,,,CS205,Object Oriented Programming,1042,10,7,2,1,4,1,1,2,,,,28
,,,,,1043,19,5,1,1,1,3,,,,1,,31
,,,CS235,Web Technologies,1044,4,7,7,2,3,1,1,1,,,,26
,,,MAT101,Geometry I/II,1045,3,1,5,1,3,2,,2,,,,17
,,,MAT110,Mathematical Investigations I/II,1046,,3,3,3,2,2,1,1,3,1,,19
,,,,,1047,,2,10,2,3,4,4,,3,1,,29
,,,MAT121,Mathematical Investigations II,1048,8,6,7,3,7,2,1,1,4,2,,41
,,,,,1049,6,7,3,2,9,,3,1,4,,,35
,,,,,1050,4,2,3,1,2,1,,1,,,,14
,,,MAT131,Mathematical Investigations III,1051,3,1,1,1,3,3,4,1,3,,,20
,,,,,1052,3,3,3,,,2,,2,3,,,16
,,,,,1053,14,5,6,1,5,3,,3,1,4,,42
,,,MAT141,Mathematical Investigations IV,1054,18,3,5,1,5,2,,5,1,,,40
,,,,,1055,21,10,15,1,5,4,1,2,1,2,,62
,,,,,1056,11,5,3,,1,,2,1,,,,23
,,,MAT211,AB Calculus I,1057,6,3,7,4,3,,,2,,2,,27
,,,MAT311,BC Calculus I,1058,5,4,2,2,1,,,2,,,,16
,,,,,1059,10,3,4,1,3,5,3,1,2,1,,33
,,,MAT321,BC Calculus II,1060,13,4,4,4,3,3,4,2,5,2,,44
,,,,,1061,8,2,10,4,5,2,3,2,4,,,40
,,,MAT331,BC Calculus III,1062,11,5,3,7,5,1,2,2,,,,36
,,,MAT371,BC Calculus II/III,1063,8,8,5,1,2,,,,,,,24
,,,MAT411,Statistical Exploration and Description,1064,67,1,2,,,,,,,,,70
,,,MAT421,Number Theory,1065,4,3,1,,,,,,,,2,10
,,,MAT441,Multi-Variable Calculus,1066,6,5,3,,2,,,,,,,16
,,,MAT473,Linear Algebra,1067,13,8,6,2,4,2,,,,,,35
,,Science,SCI105,Scientific Inquiries - Chemistry,1068,17,5,1,2,4,,,2,,1,,32
,,,,,1069,16,4,3,3,2,3,2,,3,1,,37
,,,,,1070,26,3,1,3,3,1,1,5,2,,,45
,,,SCI115,Scientific Inquiries - Physics,1071,7,6,6,6,5,1,1,2,,,,34
,,,,,1072,15,5,9,3,5,3,1,2,1,,,44
,,,,,1073,11,4,2,1,3,1,,,1,1,,24
,,,SCI135,Methods in Scientific Inquiry,1074,5,7,1,4,,,,,,,,17
,,,,,1075,38,,,2,,1,,,,,,41
,,,,,1076,2,3,4,1,6,,,,,,,16
,,,,,1077,,6,6,2,5,1,1,,1,,,22
,,,,,1078,10,1,1,,2,,,,,,,14
,,,SCI201,Adv. Chemistry--Structure and Properties,1079,8,10,4,4,4,2,1,,1,,,34
,,,,,1080,9,10,8,2,1,4,1,1,,,,36
,,,SCI215,Organic Chemistry I,1081,5,9,2,4,5,,2,2,,1,,30
,,,,,1082,10,2,3,,,,,,,,,15
,,,SCI235,Biochemistry,1083,13,6,7,4,4,,,,,1,,35
,,,SCI255,Medicinal Chemistry,1084,18,4,6,,3,2,1,,,2,,36
,,,SCI315,Microcontroller Applications (Science),1085,10,5,1,,,,,,,,,16
,,,SCI402,Physics: Sound and Light,1086,19,10,4,1,3,1,,1,,1,,40
,,,SCI411,Physics: Calculus-based Mechanics,1087,10,7,5,2,6,1,,,,1,,32
,,,,,1088,14,4,3,,7,,,1,,,,29
,,,SCI445,Modern Physics,1089,3,6,5,1,6,1,1,3,,1,,27
,,,SCI455,Engineering,1090,25,6,2,,2,1,,2,,,,38
,,,SCI600,Advanced Biological Systems,1091,46,7,,,1,2,1,,,,,57
,,,,,1092,34,,,,,,,,,,,34
,,,,,1093,33,19,,3,1,2,,1,1,1,,61
,,,,,1094,41,11,4,1,5,,2,,,,,64
,,,SCI625,Microbes and Disease,1095,3,5,3,2,3,,,1,,2,,19
,,,SCI636,Pathophysiology,1096,6,1,2,,2,,,,,,,11
,,,SCI645,Biology of Behavior,1097,9,2,,2,1,2,,,,3,,19
,,,,,1098,9,3,,1,,,1,,,,,14
,,Wellness,WEL105,Moving and Learning,1099,12,,27,,,13,,,,,,52
,,,,,1100,22,,25,,,9,,,,,,56
,,,WEL231,Outdoor and Indoor Games,1101,51,,6,,,1,,,1,1,,60
,,,WEL251,Stress Management for Life,1102,10,,6,,,2,,,,,,18
,,,WEL525,Movement and Relaxation,1103,13,,3,,,3,,,,,,19
,,WldLang,WLG110,French I,1104,9,4,12,2,11,,1,5,,,,44
,,,WLG120,French II,1105,43,,2,,,,,1,,,,46
,,,WLG130,French III,1106,9,11,8,4,6,,,3,,,,41
,,,WLG140,French IV,1107,9,2,2,,,,,,,,1,14
,,,WLG220,Spanish II,1108,36,2,1,,,,,,,,,39
,,,WLG230,Spanish III,1109,35,4,1,,1,,,,,,,41
,,,WLG240,Spanish IV,1110,38,2,,,2,1,,,,,,43
,,,WLG250,Spanish V,1111,34,2,,,,,,,,,,36
,,,WLG310,German I,1112,26,10,4,,2,,,1,,,,43
,,,WLG320,German II,1113,10,5,6,1,4,,,,,,,26
,,,WLG330,German III,1114,10,6,1,1,2,,,,,,,20
,,,WLG520,Russian II,1115,6,6,2,4,3,,1,,,,,22
,,,WLG530,Russian III,1116,14,1,,,,1,,,,,,16
,,,WLG610,Mandarin Chinese I,1117,28,12,6,1,12,,,,,1,,60
,,,WLG620,Mandarin Chinese II,1118,8,2,2,1,5,,,,,,,18
,,,,,1119,17,14,2,3,4,,,1,,,,41
,,,WLG630,Mandarin Chinese III,1120,23,13,2,,1,,,1,,,,40
,S2,CS,CS100,Computer Science Inquiry,2619,3,4,2,3,0,1,2,0,0,0,0,15
,,,CS100,Computer Science Inquiry,2598,2,2,2,3,1,0,0,0,0,0,0,10
,,,CS100,Computer Science Inquiry,4334,3,2,2,3,2,0,0,0,0,0,1,13
,,,CS100,Computer Science Inquiry,3060,2,5,3,1,1,0,1,1,0,0,0,14
,,,CS100,Computer Science Inquiry,4805,7,4,2,2,4,0,1,0,1,1,0,22
,,,CS100,Computer Science Inquiry,3671,10,1,2,4,0,0,1,0,1,0,1,20
,,,CS205,Object Oriented Programming,1144,12,1,3,1,2,0,0,1,0,1,0,21
,,,CS305,Advanced Programming,4989,2,7,1,4,1,1,0,0,0,0,2,18
,,,CS305,Advanced Programming,3217,1,6,2,4,0,1,0,0,0,0,0,14
,,,CS421,CS Seminar: Android Apps Development,3821,2,5,2,2,1,1,0,0,0,0,0,13
,,,CS422,CS Seminar: UNIX/Linux and Cybersecurity,4743,1,7,4,4,0,0,1,1,0,0,0,18
,,,CS431,CS Seminar: Machine Learning,2278,14,0,0,0,0,0,0,0,0,0,0,14
,,English,ENG102,Literary Explorations II,4900,4,9,1,6,2,0,1,0,0,0,0,23
,,,ENG102,Literary Explorations II,2535,6,4,7,0,0,0,0,0,0,0,0,17
,,,ENG102,Literary Explorations II,1197,2,2,0,5,0,0,0,0,1,0,1,11
,,,ENG102,Literary Explorations II,3665,7,4,2,5,3,1,0,0,0,0,0,22
,,,ENG102,Literary Explorations II,4029,4,8,2,3,1,1,0,0,0,0,1,20
,,,ENG102,Literary Explorations II,3042,9,3,2,2,2,0,0,0,0,0,0,18
,,,ENG102,Literary Explorations II,2457,13,6,2,0,0,0,1,0,0,0,0,22
,,,ENG102,Literary Explorations II,2937,8,9,2,3,0,1,0,0,0,0,0,23
,,,ENG102,Literary Explorations II,3386,9,7,2,1,2,1,0,0,0,0,0,22
,,,ENG102,Literary Explorations II,1656,6,9,1,3,1,1,0,0,0,1,0,22
,,,ENG102,Literary Explorations II,3847,9,5,1,1,0,0,0,0,0,0,1,17
,,,ENG212,Creative Writing Workshop,3929,10,8,3,1,1,1,0,0,0,0,0,24
,,,ENG212,Creative Writing Workshop,1411,8,6,5,0,1,2,1,0,0,0,0,23
,,,ENG212,Creative Writing Workshop,2014,5,9,3,2,0,0,1,0,1,0,0,21
,,,ENG212,Creative Writing Workshop,2824,9,5,5,2,1,0,0,0,0,0,0,22
,,,ENG242,Modern Theater,3834,1,4,5,7,0,1,1,0,0,0,0,19
,,,ENG242,Modern Theater,4538,3,2,3,5,0,0,0,0,0,0,1,14
,,,ENG301,Modern World Fiction,2515,13,3,3,1,1,0,0,0,0,0,0,21
,,,ENG301,Modern World Fiction,1538,10,4,2,1,2,0,2,1,1,1,0,24
,,,ENG325,Digital Literary Studies,3383,15,3,0,1,3,1,0,1,0,0,0,24
,,,ENG325,Digital Literary Studies,3207,9,8,2,0,1,0,1,0,0,0,0,21
,,,ENG325,Digital Literary Studies,3741,17,3,2,1,1,0,0,0,0,0,0,24
,,,ENG325,Digital Literary Studies,4072,7,12,1,1,0,0,1,0,0,0,0,22
,,,ENG351,Graphic Novels: Image and Text,4920,3,3,4,8,2,1,0,0,0,0,0,21
,,,ENG351,Graphic Novels: Image and Text,1812,2,8,3,1,1,0,2,0,0,1,1,19
,,,ENG351,Graphic Novels: Image and Text,3330,4,6,6,2,2,0,0,0,0,0,0,20
,,,ENG351,Graphic Novels: Image and Text,4895,3,12,5,3,1,0,0,0,0,0,0,24
,,,ENG365,Speculative Fiction Studies,2443,6,14,1,3,1,0,0,0,0,0,0,25
,,,ENG365,Speculative Fiction Studies,3104,6,10,5,1,0,0,0,1,0,0,0,23
,,,ENG512,Victorian Fiction,3294,4,6,2,6,3,0,0,0,0,0,1,22
,,FineArts,FAR100,Concert Band,2687,31,0,0,0,0,0,0,0,0,0,1,32
,,,FAR110,Wind Ensemble,4999,49,0,0,0,0,0,0,0,0,0,0,49
,,,FAR120,String Orchestra,2829,20,1,0,0,0,0,1,0,0,0,1,23
,,,FAR130,Chamber Strings,2308,23,2,0,0,0,0,0,0,0,1,0,26
,,,FAR200,Concert Choir,3078,11,0,1,1,0,0,0,0,0,0,0,13
,,,FAR210,Chamber Choir,4236,9,0,0,0,0,0,0,0,0,0,0,9
,,,FAR411,Observational Drawing,3835,15,1,0,0,0,0,0,0,0,0,0,16
,,,FAR416,Digital Photography,4059,15,1,1,0,0,0,0,0,0,0,0,17
,,,FAR416,Digital Photography,4106,15,2,1,0,0,0,0,0,0,0,0,18
,,,FAR450,3D Design Foundations,3963,16,2,0,0,1,0,0,0,0,0,0,19
,,HistorySS,HSS100,American Studies,2430,6,4,6,2,1,0,1,0,1,0,0,21
,,,HSS100,American Studies,1014,5,5,6,3,1,0,1,0,1,0,0,22
,,,HSS100,American Studies,3416,6,5,3,4,2,1,1,1,0,0,1,24
,,,HSS100,American Studies,1711,6,5,4,6,1,0,0,0,1,1,1,25
,,,HSS100,American Studies,3504,5,5,4,2,1,0,1,1,1,0,0,20
,,,HSS202,The World in the Twentieth Century,1411,24,0,0,1,0,0,0,0,0,0,0,25
,,,HSS202,The World in the Twentieth Century,3235,17,4,1,1,1,0,1,0,0,0,0,25
,,,HSS202,The World in the Twentieth Century,2999,17,3,2,0,0,0,0,0,0,1,0,23
,,,HSS202,The World in the Twentieth Century,4422,12,5,3,2,1,0,0,0,1,0,1,25
,,,HSS202,The World in the Twentieth Century,2665,9,4,2,1,2,0,1,1,0,0,0,20
,,,HSS202,The World in the Twentieth Century,4717,8,5,6,3,0,0,1,0,1,0,0,24
,,,HSS202,The World in the Twentieth Century,4189,8,4,4,6,1,0,0,1,0,0,0,24
,,,HSS202,The World in the Twentieth Century,3110,12,3,4,2,0,1,0,0,1,0,0,23
,,,HSS202,The World in the Twentieth Century,3930,12,7,1,2,0,0,1,0,0,0,0,23
,,,HSS326,Modern Economics,1271,8,5,3,2,0,0,1,1,0,0,0,20
,,,HSS326,Modern Economics,3687,15,5,1,3,0,0,0,0,0,0,0,24
,,,HSS326,Modern Economics,1056,13,3,1,1,0,0,1,0,0,0,0,19
,,,HSS335,America in the Contemporary World,4199,11,10,1,0,1,1,1,0,0,0,0,25
,,,HSS335,America in the Contemporary World,1711,18,5,1,1,0,0,0,0,0,0,0,25
,,,HSS352,History of Technology and Culture,1657,4,11,7,2,1,1,0,0,0,0,0,26
,,,HSS352,History of Technology and Culture,4934,10,5,2,4,0,2,2,1,0,0,0,26
,,,HSS394,"Modern Conflict, Insurgency & Terrorism",1691,1,14,3,1,1,1,0,0,2,0,0,23
,,,HSS394,"Modern Conflict, Insurgency & Terrorism",4010,9,6,0,2,2,0,0,0,0,0,0,19
,,MathCS,MAT110,Mathematical Investigations I/II,4531,0,3,0,0,1,2,3,1,1,0,1,12
,,,MAT110,Mathematical Investigations I/II,4815,0,2,3,4,2,1,2,1,3,1,0,19
,,,MAT110,Mathematical Investigations I/II,4124,0,3,0,2,3,0,3,1,0,0,0,12
,,,MAT122,Mathematical Investigations II,3363,7,2,1,4,3,1,3,0,0,0,0,21
,,,MAT132,Mathematical Investigations III,3515,2,1,5,1,0,1,4,0,3,0,0,17
,,,MAT132,Mathematical Investigations III,2362,8,0,1,4,0,2,4,1,2,0,0,22
,,,MAT132,Mathematical Investigations III,3302,0,3,1,4,4,2,0,3,2,0,0,19
,,,MAT132,Mathematical Investigations III,3657,1,1,3,0,0,0,3,0,0,1,2,11
,,,MAT132,Mathematical Investigations III,3528,2,2,3,2,0,1,2,1,2,0,1,16
,,,MAT142,Mathematical Investigations IV,4855,4,3,2,7,2,2,1,1,0,0,1,23
,,,MAT142,Mathematical Investigations IV,1214,4,3,2,0,1,2,4,1,0,0,0,17
,,,MAT142,Mathematical Investigations IV,2935,7,1,2,0,0,0,2,1,0,0,0,13
,,,MAT142,Mathematical Investigations IV,2361,2,4,0,0,1,4,3,2,1,0,1,18
,,,MAT222,AB Calculus II,2060,2,2,2,6,1,2,1,0,0,0,0,16
,,,MAT222,AB Calculus II,3110,1,2,3,2,2,2,1,0,0,0,0,13
,,,MAT312,BC Calculus I,1501,2,0,1,4,1,1,1,2,3,1,1,17
,,,MAT312,BC Calculus I,2096,4,4,1,7,0,0,2,0,2,0,0,20
,,,MAT312,BC Calculus I,3033,1,0,3,6,2,3,2,2,1,0,0,20
,,,MAT312,BC Calculus I,3055,1,4,0,3,3,0,5,1,1,0,0,18
,,,MAT312,BC Calculus I,1217,4,1,3,2,2,0,3,1,1,0,1,18
,,,MAT322,BC Calculus II,1725,8,0,2,3,1,1,0,0,0,0,0,15
,,,MAT322,BC Calculus II,1225,7,4,1,3,2,1,0,2,0,0,1,21
,,,MAT322,BC Calculus II,3395,6,0,2,5,2,1,0,1,0,0,0,17
,,,MAT332,BC Calculus III,2922,7,3,2,5,2,2,1,0,0,0,1,23
,,,MAT332,BC Calculus III,3642,3,4,0,6,5,1,2,0,0,0,0,21
,,,MAT332,BC Calculus III,3775,2,5,1,3,1,0,2,0,0,0,0,14
,,,MAT332,BC Calculus III,2942,2,7,3,4,0,0,0,1,0,0,1,18
,,,MAT362,BC Calculus I/II,1549,9,5,3,2,0,1,1,0,0,0,0,21
,,,MAT412,Statistical Experimentation & Inference,2719,20,3,1,0,0,0,0,0,0,0,0,24
,,,MAT412,Statistical Experimentation & Inference,4081,21,3,0,0,0,0,0,0,0,0,0,24
,,,MAT425,Problem Solving,3794,9,4,2,0,0,1,0,0,0,0,0,16
,,,MAT435,Discrete Mathematics,4364,3,4,0,2,1,1,1,1,2,1,0,16
,,,MAT442,Multi-Variable Calculus,2667,11,1,2,1,1,2,1,1,0,0,0,20
,,,MAT442,Multi-Variable Calculus,1686,2,2,1,1,1,1,0,1,0,0,1,10
,,,MAT442,Multi-Variable Calculus,4382,8,4,2,2,3,0,0,0,0,0,1,20
,,,MAT445,Theory of Analysis,2115,8,2,1,1,0,0,0,0,0,0,0,12
,,,MAT452,Differential Equations,2412,16,5,0,1,0,0,0,1,0,0,0,23
,,,MAT452,Differential Equations,4547,12,5,4,1,0,1,0,0,0,0,0,23
,,Science,SCI105,Scientific Inquiries - Chemistry,2615,5,2,1,4,2,1,1,0,0,0,0,16
,,,SCI105,Scientific Inquiries - Chemistry,2561,6,3,1,2,1,0,1,0,0,0,0,14
,,,SCI105,Scientific Inquiries - Chemistry,2615,4,3,4,1,1,3,0,2,1,0,2,21
,,,SCI105,Scientific Inquiries - Chemistry,1099,4,2,1,1,2,0,0,0,1,0,1,12
,,,SCI105,Scientific Inquiries - Chemistry,3391,8,4,2,1,0,1,0,0,0,1,1,18
,,,SCI105,Scientific Inquiries - Chemistry,3394,8,2,2,4,3,1,0,3,0,0,1,24
,,,SCI115,Scientific Inquiries - Physics,3810,6,1,0,1,1,1,1,0,0,0,1,12
,,,SCI115,Scientific Inquiries - Physics,2047,12,2,1,0,1,0,0,0,0,0,1,17
,,,SCI115,Scientific Inquiries - Physics,1541,11,4,2,3,1,1,1,0,0,0,1,24
,,,SCI115,Scientific Inquiries - Physics,4553,12,4,0,2,0,1,0,0,0,0,0,19
,,,SCI115,Scientific Inquiries - Physics,2335,4,3,4,1,2,0,1,0,0,0,0,15
,,,SCI115,Scientific Inquiries - Physics,4051,9,6,2,6,1,0,0,0,0,0,0,24
,,,SCI135,Methods in Scientific Inquiry,1696,4,4,1,3,0,0,0,0,0,0,0,12
,,,SCI135,Methods in Scientific Inquiry,4627,2,2,5,3,3,0,0,1,0,1,0,17
,,,SCI135,Methods in Scientific Inquiry,3207,6,4,1,7,5,0,0,0,0,1,0,24
,,,SCI135,Methods in Scientific Inquiry,2451,4,5,4,2,0,1,0,0,0,0,0,16
,,,SCI135,Methods in Scientific Inquiry,4473,6,5,0,2,1,0,0,0,0,0,1,15
,,,SCI135,Methods in Scientific Inquiry,1823,14,1,3,0,1,2,1,1,1,1,0,25
,,,SCI202,Advanced Chemistry--Chemical Reactions,1952,3,7,0,3,0,0,0,0,0,0,0,13
,,,SCI202,Advanced Chemistry--Chemical Reactions,1731,2,4,2,5,3,2,1,1,0,0,0,20
,,,SCI202,Advanced Chemistry--Chemical Reactions,1930,3,5,4,3,2,0,0,0,0,0,1,18
,,,SCI202,Advanced Chemistry--Chemical Reactions,1163,7,6,1,2,1,0,1,0,0,0,0,18
,,,SCI222,Organic Chemistry II,2776,9,5,1,1,0,0,0,1,0,0,0,17
,,,SCI222,Organic Chemistry II,4653,8,4,1,1,1,0,0,0,0,0,0,15
,,,SCI235,Biochemistry,4155,5,2,1,6,2,1,0,0,0,0,0,17
,,,SCI235,Biochemistry,4225,7,4,3,4,2,0,0,0,0,0,0,20
,,,SCI245,Environmental Chemistry,2770,8,6,0,4,1,1,0,0,0,0,0,20
,,,SCI245,Environmental Chemistry,2366,12,4,1,0,1,1,0,0,0,0,0,19
,,,SCI255,Medicinal Chemistry,2054,16,1,2,1,0,0,0,0,0,0,0,20
,,,SCI402,Physics: Sound and Light,2355,6,6,2,3,0,0,1,0,0,1,0,19
,,,SCI412,Physics: Calculus-based Elec & Magnetism,1546,11,2,1,1,0,0,0,0,0,0,2,17
,,,SCI412,Physics: Calculus-based Elec & Magnetism,4443,11,2,0,1,0,0,1,0,0,0,0,15
,,,SCI412,Physics: Calculus-based Elec & Magnetism,1052,8,1,2,0,1,0,0,0,0,0,2,14
,,,SCI425,Planetary Science,1037,4,7,4,3,1,0,0,1,0,0,0,20
,,,SCI425,Planetary Science,4838,5,3,4,4,0,0,0,0,1,0,1,18
,,,SCI445,Modern Physics,4912,1,2,4,2,1,0,0,0,0,0,1,11
,,,SCI455,Engineering,4284,10,5,0,2,0,0,0,0,0,0,2,19
,,,SCI455,Engineering,2013,9,7,1,1,1,0,0,0,0,0,0,19
,,,SCI505,Computational Science,3372,3,3,1,5,2,1,0,0,1,0,1,17
,,,SCI505,Computational Science,2024,4,6,1,3,2,0,1,0,0,0,1,18
,,,SCI600,Advanced Biological Systems,2676,5,4,2,4,3,1,1,1,1,0,0,22
,,,SCI600,Advanced Biological Systems,4999,16,0,0,0,0,0,0,0,0,0,0,16
,,,SCI600,Advanced Biological Systems,4500,4,5,4,3,2,2,4,0,0,0,0,24
,,,SCI600,Advanced Biological Systems,4019,9,2,1,2,3,2,1,0,1,0,0,21
,,,SCI600,Advanced Biological Systems,2381,5,5,2,5,3,1,0,1,0,1,0,23
,,,SCI600,Advanced Biological Systems,4372,4,3,6,4,2,0,0,2,0,1,0,22
,,,SCI600,Advanced Biological Systems,3101,4,1,3,1,1,2,2,0,0,0,0,14
,,,SCI600,Advanced Biological Systems,4219,8,4,5,3,1,0,1,0,1,0,0,23
,,,SCI600,Advanced Biological Systems,4561,19,0,0,0,0,0,0,0,0,0,1,20
,,,SCI600,Advanced Biological Systems,3831,5,4,2,5,1,0,0,0,0,0,0,17
,,,SCI600,Advanced Biological Systems,2239,11,0,0,0,0,0,0,0,0,0,0,11
,,,SCI605,"Evolution, Biodiversity, and Ecology",3090,8,0,0,0,1,0,0,0,0,0,0,9
,,,SCI605,"Evolution, Biodiversity, and Ecology",4945,17,1,0,1,0,1,0,0,0,0,0,20
,,,SCI616,Cancer Biology,3919,4,6,2,2,0,1,0,0,0,0,0,15
,,,SCI616,Cancer Biology,4948,13,0,0,0,0,0,0,0,0,0,0,13
,,,SCI636,Pathophysiology,1584,6,5,3,0,1,1,0,0,0,0,0,16
,,Wellness,WEL105,Moving and Learning,2161,11,0,0,14,0,0,2,0,0,0,0,27
,,,WEL105,Moving and Learning,3155,20,0,0,5,0,0,3,0,0,0,0,28
,,,WEL105,Moving and Learning,1312,12,0,0,11,0,0,2,0,0,0,0,25
,,,WEL105,Moving and Learning,4879,14,0,0,12,0,0,1,0,0,0,1,28
,,,WEL231,Outdoor and Indoor Games,3386,27,0,0,1,0,0,0,0,0,0,0,28
,,,WEL231,Outdoor and Indoor Games,4546,23,0,0,3,0,0,2,0,0,0,0,28
,,,WEL251,Stress Management for Life,4822,15,0,0,6,0,0,2,0,0,0,0,23
,,,WEL525,Movement and Relaxation,2241,15,0,0,1,0,0,3,0,2,0,0,21
,,WldLang,WLG110,French I,2708,1,7,1,6,2,0,2,1,0,0,0,20
,,,WLG110,French I,4885,8,3,3,3,2,2,0,0,1,0,0,22
,,,WLG120,French II,3907,9,2,0,1,0,1,0,0,0,0,0,13
,,,WLG120,French II,1981,7,2,0,0,0,0,0,0,0,0,1,10
,,,WLG120,French II,3141,18,0,0,2,0,0,0,0,0,0,0,20
,,,WLG130,French III,1038,4,3,1,5,0,2,0,0,0,0,2,17
,,,WLG130,French III,4777,4,5,7,4,1,2,0,1,0,0,0,24
,,,WLG140,French IV,4989,11,2,0,0,0,0,0,0,1,0,0,14
,,,WLG220,Spanish II,2330,11,8,1,1,0,0,0,0,0,0,0,21
,,,WLG220,Spanish II,2200,15,2,0,0,0,0,0,0,0,0,1,18
,,,WLG230,Spanish III,3682,14,2,2,2,0,0,0,0,0,0,0,20
,,,WLG230,Spanish III,1887,15,1,4,0,0,0,0,0,0,1,0,21
,,,WLG240,Spanish IV,4903,18,2,0,0,0,0,0,0,0,0,0,20
,,,WLG240,Spanish IV,1814,19,0,1,0,1,0,0,0,0,0,0,21
,,,WLG250,Spanish V,4777,13,0,0,0,0,0,0,0,0,0,0,13
,,,WLG250,Spanish V,4643,24,0,0,0,0,0,0,0,0,0,0,24
,,,WLG310,German I,4041,13,5,1,2,1,0,0,0,0,0,0,22
,,,WLG310,German I,1057,12,3,2,1,1,0,0,0,0,0,0,19
,,,WLG320,German II,2942,11,4,3,5,2,0,1,0,0,0,0,26
,,,WLG330,German III,3695,11,3,4,2,0,0,0,0,0,0,0,20
,,,WLG520,Russian II,1236,12,1,2,4,1,1,0,0,0,0,0,21
,,,WLG530,Russian III,4728,12,1,0,1,0,0,0,0,0,0,1,15
,,,WLG610,Mandarin Chinese I,2739,8,6,1,5,2,0,0,0,0,0,0,22
,,,WLG610,Mandarin Chinese I,2742,5,6,2,1,0,1,0,0,0,0,1,16
,,,WLG610,Mandarin Chinese I,4513,6,7,3,2,1,0,0,0,0,0,0,19
,,,WLG620,Mandarin Chinese II,4024,6,3,1,3,1,0,0,0,0,0,1,15
,,,WLG620,Mandarin Chinese II,4824,11,5,2,2,1,0,0,0,0,0,0,21
,,,WLG620,Mandarin Chinese II,1498,10,3,2,4,0,1,1,0,0,0,0,21
,,,WLG630,Mandarin Chinese III,1095,14,2,2,0,0,1,0,0,0,0,0,19
,,,WLG630,Mandarin Chinese III,2407,12,5,1,3,0,0,0,0,0,0,0,21